Historical HTML scraper — 1 target(s)
per_period=150, max_per_target=4700


======================================================================
  Malaysia:grabfood-my  (food.grab.com/my/en/restaurant/*)
======================================================================
  Querying CDX (distributed, per_period=150, max=4700) …
  Found 2090 candidate snapshots
  [61/2090] 20200422 https://food.grab.com/my/en/restaurants?search=swensens … 0 items
  [62/2090] 20200422 https://food.grab.com/my/en/restaurants?search=texaschicken … 0 items
  [63/2090] 20200506 https://food.grab.com/my/en/restaurants?search=thai-food … 0 items
  [64/2090] 20200506 https://food.grab.com/my/en/restaurants?search=vietnamese-food … 0 items
  [65/2090] 20200422 https://food.grab.com/my/en/restaurants?search=yayoi … 0 items
  [66/2090] 20200526 https://food.grab.com/my/en/restaurants?search=yellowcab … 0 items
  [127/2090] 20200921 https://food.grab.com/my/en/restaurant/coffee-dreams-uptown-avenue-del … 0 items
  [128/2090] 20200927 https://food.grab.com/my/en/restaurant/coolblog-aeon-nilai-delivery/1- … 0 items
  [129/2090] 20200930 https://food.grab.com/my/en/restaurant/coolblog-giant-senawang-deliver … 0 items
  [131/2090] 20200808 https://food.grab.com/my/en/restaurant/danish-briyani-house-lebuh-pena … 0 items
  [132/2090] 20200920 https://food.grab.com/my/en/restaurant/dapoq-omputeh-taman-bandar-sena … 0 items
  [133/2090] 20200928 https://food.grab.com/my/en/restaurant/dapur-penyet-mydin-seremban-2-d … 0 items
  [134/2090] 20200924 https://food.grab.com/my/en/restaurant/dapur-penyet-palm-mall-delivery … 0 items
  [135/2090] 20200712 https://food.grab.com/my/en/restaurant/dasarang-korean-bbq-restaurant- … 0 items
  [136/2090] 20200925 https://food.grab.com/my/en/restaurant/dd-family-suria-sabah-delivery/ … 0 items
  [138/2090] 20200924 https://food.grab.com/my/en/restaurant/domino-s-pizza-bundusan-deliver … 0 items
  [139/2090] 20200928 https://food.grab.com/my/en/restaurant/domino-s-pizza-d-sulaman-delive … 0 items
  [140/2090] 20200808 https://food.grab.com/my/en/restaurant/domino-s-pizza-dang-wangi-deliv … 0 items
  [141/2090] 20200926 https://food.grab.com/my/en/restaurant/domino-s-pizza-itcc-delivery/1- … 0 items
  [142/2090] 20200920 https://food.grab.com/my/en/restaurant/domino-s-pizza-kota-warisan-del … 0 items
  [143/2090] 20200921 https://food.grab.com/my/en/restaurant/domino-s-pizza-muar-delivery/1- … 0 items
  [144/2090] 20200920 https://food.grab.com/my/en/restaurant/domino-s-pizza-paroi-delivery/1 … 0 items
  [145/2090] 20200918 https://food.grab.com/my/en/restaurant/domino-s-pizza-putra-nilai-deli … 0 items
  [146/2090] 20200921 https://food.grab.com/my/en/restaurant/domino-s-pizza-rasah-jaya-deliv … 0 items
  [147/2090] 20200918 https://food.grab.com/my/en/restaurant/domino-s-pizza-riverson-deliver … 0 items
  [148/2090] 20200921 https://food.grab.com/my/en/restaurant/domino-s-pizza-seremban-2-deliv … 0 items
  [149/2090] 20200815 https://food.grab.com/my/en/restaurant/dragon-i-mid-valley-southkey-no … 0 items
  [150/2090] 20200926 https://food.grab.com/my/en/restaurant/dubuyo-imago-shopping-mall-deli … 0 items
  [151/2090] 20200922 https://food.grab.com/my/en/restaurant/dumpling-cafe-lintas-plaza-non- … 0 items
  [152/2090] 20200926 https://food.grab.com/my/en/restaurant/dunkin-donuts-1borneo-delivery/ … 0 items
  [153/2090] 20200927 https://food.grab.com/my/en/restaurant/e-lite-ultimo-taman-merpati-del … 0 items
  [154/2090] 20200923 https://food.grab.com/my/en/restaurant/el-centro-jalan-haji-saman-deli … 0 items
  [155/2090] 20200807 https://food.grab.com/my/en/restaurant/face-to-face-noodle-house-suter … 0 items
  [156/2090] 20200815 https://food.grab.com/my/en/restaurant/fat-sunday-delivery/MYDD03337 … 0 items
  [157/2090] 20200919 https://food.grab.com/my/en/restaurant/feng-cha-plaza-333-delivery/1-C … 0 items
  [158/2090] 20200926 https://food.grab.com/my/en/restaurant/foxy-lady-cafe-bar-padimas-poin … 0 items
  [159/2090] 20200808 https://food.grab.com/my/en/restaurant/friends-perk-wisma-avs-delivery … 0 items
  [160/2090] 20200928 https://food.grab.com/my/en/restaurant/fyf-kopitiam-taman-orkid-delive … 0 items
  [161/2090] 20200927 https://food.grab.com/my/en/restaurant/gangnam-bbq-lintas-plaza-non-ha … 0 items
  [162/2090] 20200808 https://food.grab.com/my/en/restaurant/genki-sushi-suria-klcc-delivery … 0 items
  [163/2090] 20200920 https://food.grab.com/my/en/restaurant/german-bread-and-pizza-hs-comme … 0 items
  [164/2090] 20200921 https://food.grab.com/my/en/restaurant/ginger-thai-kitchen-mesamall-de … 0 items
  [165/2090] 20200924 https://food.grab.com/my/en/restaurant/go-noodle-house-aeon-seremban-2 … 0 items
  [166/2090] 20200808 https://food.grab.com/my/en/restaurant/gong-cha-lrt-masjid-jamek-deliv … 0 items
  [167/2090] 20200921 https://food.grab.com/my/en/restaurant/green-mug-gaya-street-delivery/ … 0 items
  [168/2090] 20200922 https://food.grab.com/my/en/restaurant/guardian-1borneo-delivery/1-CZC … 0 items
  [169/2090] 20200930 https://food.grab.com/my/en/restaurant/guardian-giant-senawang-deliver … 0 items
  [170/2090] 20200926 https://food.grab.com/my/en/restaurant/guardian-seremban-gateway-deliv … 0 items
  [171/2090] 20200930 https://food.grab.com/my/en/restaurant/guardian-suria-sabah-delivery/1 … 0 items
  [172/2090] 20200926 https://food.grab.com/my/en/restaurant/guardian-tesco-putra-nilai-deli … 0 items
  [173/2090] 20200808 https://food.grab.com/my/en/restaurant/halab-penang-lebuh-chulia-deliv … 0 items
  [174/2090] 20200925 https://food.grab.com/my/en/restaurant/halimah-nasi-kandar-royal-harbo … 0 items
  [175/2090] 20200919 https://food.grab.com/my/en/restaurant/happy-family-noodle-house-city- … 0 items
  [176/2090] 20200927 https://food.grab.com/my/en/restaurant/happy-potato-centre-point-sabah … 0 items
  [177/2090] 20200822 https://food.grab.com/my/en/restaurant/hard-rock-cafe-jalan-sultan-ism … 0 items
  [178/2090] 20200919 https://food.grab.com/my/en/restaurant/hello-stranger-cafe-the-walk-ri … 0 items
  [179/2090] 20200921 https://food.grab.com/my/en/restaurant/hokkaido-baked-cheese-tart-suri … 0 items
  [180/2090] 20200815 https://food.grab.com/my/en/restaurant/hominsan-paradigm-mall-jb-non-h … 0 items
  [181/2090] 20200924 https://food.grab.com/my/en/restaurant/hot-roll-setapak-central-delive … 0 items
  [182/2090] 20200808 https://food.grab.com/my/en/restaurant/hot-wings-kiara-163-delivery/1- … 0 items
  [183/2090] 20200919 https://food.grab.com/my/en/restaurant/house-of-asam-pedas-jb-kwsp-del … 0 items
  [184/2090] 20200925 https://food.grab.com/my/en/restaurant/hung-xing-seafood-restaurant-ja … 0 items
  [185/2090] 20200919 https://food.grab.com/my/en/restaurant/i-degree-cafe-restaurant-teck-g … 0 items
  [186/2090] 20200928 https://food.grab.com/my/en/restaurant/i-love-yoo-aeon-nilai-delivery/ … 0 items
  [187/2090] 20200924 https://food.grab.com/my/en/restaurant/i-love-yoo-setapak-central-deli … 0 items
  [188/2090] 20200922 https://food.grab.com/my/en/restaurant/i-love-yoo-wetex-parade-deliver … 0 items
  [189/2090] 20200918 https://food.grab.com/my/en/restaurant/i-tea-hilltop-delivery/1-CZAXT8 … 0 items
  [190/2090] 20200929 https://food.grab.com/my/en/restaurant/ice-queen-lintas-square-non-hal … 0 items
  [191/2090] 20200808 https://food.grab.com/my/en/restaurant/ichikakuya-uoa-business-park-no … 0 items
  [192/2090] 20200808 https://food.grab.com/my/en/restaurant/idealite-queensbay-mall-deliver … 0 items
  [193/2090] 20200919 https://food.grab.com/my/en/restaurant/ikan-boulu-tanpa-tulang-plaza-m … 0 items
  [194/2090] 20200924 https://food.grab.com/my/en/restaurant/indahmanis-label-sticker-packag … 0 items
  [195/2090] 20200919 https://food.grab.com/my/en/restaurant/islamic-restaurant-taman-penamp … 0 items
  [196/2090] 20200808 https://food.grab.com/my/en/restaurant/j-co-donuts-berjaya-times-squar … 0 items
  [197/2090] 20200808 https://food.grab.com/my/en/restaurant/janxden-greenlife-jalan-chow-th … 0 items
  [198/2090] 20200926 https://food.grab.com/my/en/restaurant/jgolf-publika-delivery/1-CZEHLT … 0 items
  [199/2090] 20200922 https://food.grab.com/my/en/restaurant/jin-yin-hao-plaza-333-non-halal … 0 items
  [200/2090] 20200930 https://food.grab.com/my/en/restaurant/johnny-s-restaurant-aeon-nilai- … 0 items
  [201/2090] 20200929 https://food.grab.com/my/en/restaurant/johnny-s-restaurant-aeon-seremb … 0 items
  [202/2090] 20200920 https://food.grab.com/my/en/restaurant/johnny-s-restaurant-palm-mall-d … 0 items
  [203/2090] 20200923 https://food.grab.com/my/en/restaurant/jom-penyet-aeropod-delivery/1-C … 0 items
  [204/2090] 20200924 https://food.grab.com/my/en/restaurant/jothy-s-fish-head-curry-banana- … 0 items
  [205/2090] 20200923 https://food.grab.com/my/en/restaurant/just-tasty-kitchen-jalan-toman- … 0 items
  [206/2090] 20200919 https://food.grab.com/my/en/restaurant/just-tea-cyber-square-2-deliver … 0 items
  [207/2090] 20200924 https://food.grab.com/my/en/restaurant/kafe-selera-rika-putra-indah-de … 0 items
  [208/2090] 20200808 https://food.grab.com/my/en/restaurant/kafei-dian-jalan-panggung-deliv … 0 items
  [209/2090] 20200921 https://food.grab.com/my/en/restaurant/kak-manja-cafe-cyber-square-2-d … 0 items
  [210/2090] 20200808 https://food.grab.com/my/en/restaurant/kanna-curry-house-jalan-gasing- … 0 items
  [211/2090] 20200712 https://food.grab.com/my/en/restaurant/kayra-bangsar-village-delivery/ … 0 items
  [212/2090] 20200808 https://food.grab.com/my/en/restaurant/kedai-ayamas-roaster-express-aq … 0 items
  [213/2090] 20200918 https://food.grab.com/my/en/restaurant/kedai-kopi-kampung-mambau-kampu … 0 items
  [214/2090] 20200918 https://food.grab.com/my/en/restaurant/kedai-kopi-kenon-golden-plaza-n … 0 items
  [215/2090] 20200922 https://food.grab.com/my/en/restaurant/kedai-kopi-lido-baru-chanyai-vi … 0 items
  [216/2090] 20200921 https://food.grab.com/my/en/restaurant/kedai-kopi-pan-mee-lido-taman-c … 0 items
  [277/2090] 20201025 https://food.grab.com/my/en/restaurant/abang-brian-s-cafe-ipc-delivery … 0 items
  [278/2090] 20201025 https://food.grab.com/my/en/restaurant/abc-cendol-taman-puchong-perdan … 0 items
  [279/2090] 20201029 https://food.grab.com/my/en/restaurant/abc-mamak-bistro-bandar-teknolo … 0 items
  [280/2090] 20201127 https://food.grab.com/my/en/restaurant/abc-special-seha-sri-dagangan-d … 0 items
  [281/2090] 20201028 https://food.grab.com/my/en/restaurant/abe-weayy-thai-tom-yam-seafood- … 0 items
  [282/2090] 20201128 https://food.grab.com/my/en/restaurant/abg-long-coconut-shake-cendol-k … 0 items
  [283/2090] 20201022 https://food.grab.com/my/en/restaurant/absolute-thai-1utama-delivery/1 … 0 items
  [284/2090] 20201021 https://food.grab.com/my/en/restaurant/absolute-thai-berjaya-times-squ … 0 items
  [285/2090] 20201024 https://food.grab.com/my/en/restaurant/absolute-thai-central-i-city-de … 0 items
  [286/2090] 20201022 https://food.grab.com/my/en/restaurant/absolute-thai-kiara-163-deliver … 0 items
  [287/2090] 20201020 https://food.grab.com/my/en/restaurant/absolute-thai-mytown-delivery/1 … 0 items
  [288/2090] 20201026 https://food.grab.com/my/en/restaurant/absolute-thai-sunway-giza-deliv … 0 items
  [289/2090] 20201022 https://food.grab.com/my/en/restaurant/absolute-thai-the-gardens-deliv … 0 items
  [290/2090] 20201024 https://food.grab.com/my/en/restaurant/absolute-thai-wangsa-walk-deliv … 0 items
  [291/2090] 20201029 https://food.grab.com/my/en/restaurant/ac-piggy-noodles-house-jalan-je … 0 items
  [292/2090] 20201025 https://food.grab.com/my/en/restaurant/addon-white-coffee-medan-niaga- … 0 items
  [295/2090] 20201030 https://food.grab.com/my/en/restaurant/adib-burger-taman-sri-andalas-d … 0 items
  [296/2090] 20201031 https://food.grab.com/my/en/restaurant/adventist-bakery-penang-adventi … 0 items
  [299/2090] 20201027 https://food.grab.com/my/en/restaurant/after-black-bandar-sunway-deliv … 0 items
  [300/2090] 20201026 https://food.grab.com/my/en/restaurant/agrain-by-hale-kompleks-sogo-de … 0 items
  [301/2090] 20201026 https://food.grab.com/my/en/restaurant/agrain-taman-wahyu-delivery/1-C … 0 items
  [304/2090] 20201026 https://food.grab.com/my/en/restaurant/ah-cheng-laksa-ampang-point-del … 0 items
  [306/2090] 20201025 https://food.grab.com/my/en/restaurant/ah-cheng-laksa-melawati-mall-de … 0 items
  [307/2090] 20201022 https://food.grab.com/my/en/restaurant/ah-cheng-laksa-paradigm-mall-de … 0 items
  [308/2090] 20201019 https://food.grab.com/my/en/restaurant/ah-cheng-laksa-sogo-kl-delivery … 0 items
  [309/2090] 20201025 https://food.grab.com/my/en/restaurant/ah-cheng-laksa-tesco-kepong-del … 0 items
  [310/2090] 20201021 https://food.grab.com/my/en/restaurant/ah-cheng-laksa-tesco-setia-alam … 0 items
  [311/2090] 20201028 https://food.grab.com/my/en/restaurant/ah-how-kitchen-taman-kota-perma … 0 items
  [312/2090] 20201019 https://food.grab.com/my/en/restaurant/ah-koong-restaurant-ekocheras-m … 0 items
  [313/2090] 20201031 https://food.grab.com/my/en/restaurant/ah-koong-restaurant-jalan-chang … 0 items
  [315/2090] 20201024 https://food.grab.com/my/en/restaurant/ahh-yum-by-kampong-kravers-wang … 0 items
  [316/2090] 20201023 https://food.grab.com/my/en/restaurant/ahroy-thai-cuisine-taman-segar- … 0 items
  [317/2090] 20201021 https://food.grab.com/my/en/restaurant/aien-lekor-sedap-bandar-sunway- … 0 items
  [318/2090] 20201020 https://food.grab.com/my/en/restaurant/aien-lekor-sedap-gombak-deliver … 0 items
  [319/2090] 20201025 https://food.grab.com/my/en/restaurant/aj-cafe-restaurant-sungai-udang … 0 items
  [321/2090] 20201029 https://food.grab.com/my/en/restaurant/ak-fishball-the-gardens-deliver … 0 items
  [322/2090] 20201029 https://food.grab.com/my/en/restaurant/ak-noodles-house-1utama-deliver … 0 items
  [323/2090] 20201020 https://food.grab.com/my/en/restaurant/al-amar-express-fahrenheit-88-d … 0 items
  [324/2090] 20201030 https://food.grab.com/my/en/restaurant/al-diafah-express-taman-putra-k … 0 items
  [325/2090] 20201026 https://food.grab.com/my/en/restaurant/al-gazerah-restaurant-jalan-buk … 0 items
  [326/2090] 20201031 https://food.grab.com/my/en/restaurant/al-haji-bistro-taman-mas-delive … 0 items
  [328/2090] 20201026 https://food.grab.com/my/en/restaurant/alam-cafe-aeon-shah-alam-delive … 0 items
  [329/2090] 20201030 https://food.grab.com/my/en/restaurant/alam-nion-taman-bukit-cheras-de … 0 items
  [331/2090] 20201021 https://food.grab.com/my/en/restaurant/alfa-maju-curry-house-platinum- … 0 items
  [332/2090] 20201031 https://food.grab.com/my/en/restaurant/ali-bhai-recipe-millenium-squar … 0 items
  [333/2090] 20201031 https://food.grab.com/my/en/restaurant/ali-food-corner-cheras-pertama- … 0 items
  [334/2090] 20201020 https://food.grab.com/my/en/restaurant/ali-food-corner-m-avenue-delive … 0 items
  [335/2090] 20201026 https://food.grab.com/my/en/restaurant/ali-food-corner-pudu-delivery/1 … 0 items
  [336/2090] 20201026 https://food.grab.com/my/en/restaurant/ali-maju-rampai-business-park-d … 0 items
  [337/2090] 20201026 https://food.grab.com/my/en/restaurant/ali-muthu-ah-hock-kopitiam-the- … 0 items
  [338/2090] 20201022 https://food.grab.com/my/en/restaurant/all-about-thai-restaurant-taman … 0 items
  [339/2090] 20201028 https://food.grab.com/my/en/restaurant/all-in-all-cyberjaya-delivery/1 … 0 items
  [340/2090] 20201204 https://food.grab.com/my/en/restaurant/alpro-pharmacy-3rd-miles-kuchin … 0 items
  [341/2090] 20201023 https://food.grab.com/my/en/restaurant/alpro-pharmacy-bandar-baru-bang … 0 items
  [342/2090] 20201028 https://food.grab.com/my/en/restaurant/alpro-pharmacy-bandar-sri-perma … 0 items
  [344/2090] 20201126 https://food.grab.com/my/en/restaurant/alpro-pharmacy-jalan-berserah-d … 0 items
  [348/2090] 20201027 https://food.grab.com/my/en/restaurant/alpro-pharmacy-subang-perdana-d … 0 items
  [349/2090] 20201029 https://food.grab.com/my/en/restaurant/alpro-pharmacy-summerton-delive … 0 items
  [351/2090] 20201029 https://food.grab.com/my/en/restaurant/alpro-pharmacy-taman-pelangi-se … 0 items
  [352/2090] 20201021 https://food.grab.com/my/en/restaurant/alpro-pharmacy-teluk-pulai-deli … 0 items
  [353/2090] 20201030 https://food.grab.com/my/en/restaurant/alpro-pharmacy-wangsa-maju-deli … 0 items
  [354/2090] 20201029 https://food.grab.com/my/en/restaurant/althea-menara-uoa-delivery/1-CZ … 0 items
  [355/2090] 20201128 https://food.grab.com/my/en/restaurant/alu-alu-kitchen-kolombong-deliv … 0 items
  [356/2090] 20201023 https://food.grab.com/my/en/restaurant/am-bistro-pusat-bandar-melawati … 0 items
  [357/2090] 20201027 https://food.grab.com/my/en/restaurant/amarin-heavenly-thai-mid-valley … 0 items
  [358/2090] 20201024 https://food.grab.com/my/en/restaurant/ambesten-noodle-ss15-non-halal- … 0 items
  [359/2090] 20201021 https://food.grab.com/my/en/restaurant/ambon-boenda-sunway-mas-commerc … 0 items
  [361/2090] 20201021 https://food.grab.com/my/en/restaurant/amha-thai-desa-jaya-delivery/1- … 0 items
  [362/2090] 20201024 https://food.grab.com/my/en/restaurant/amigo-steak-grill-jalan-melaka- … 0 items
  [364/2090] 20201201 https://food.grab.com/my/en/restaurant/ana-saji-resources-taman-perkam … 0 items
  [365/2090] 20201028 https://food.grab.com/my/en/restaurant/anak-kulim-cafe-jalan-raya-non- … 0 items
  [366/2090] 20201030 https://food.grab.com/my/en/restaurant/andra-by-gula-cakery-eco-ardenc … 0 items
  [425/2090] 20210302 https://food.grab.com/my/en/restaurant/baskin-robbins-aeon-seri-manjun … 0 items
  [426/2090] 20210228 https://food.grab.com/my/en/restaurant/baskin-robbins-gurney-plaza-del … 0 items
  [427/2090] 20210120 https://food.grab.com/my/en/restaurant/baskin-robbins-kb-mall-delivery … 0 items
  [428/2090] 20210303 https://food.grab.com/my/en/restaurant/baskin-robbins-sungai-dua-deliv … 0 items
  [429/2090] 20210301 https://food.grab.com/my/en/restaurant/baskin-robbins-sunway-carnival- … 0 items
  [430/2090] 20210127 https://food.grab.com/my/en/restaurant/baskin-robbins-sutera-mall-deli … 0 items
  [431/2090] 20210118 https://food.grab.com/my/en/restaurant/bbq-chicken-marina-times-square … 0 items
  [432/2090] 20210117 https://food.grab.com/my/en/restaurant/bbq-king-seafood-jalan-song-non … 0 items
  [433/2090] 20210306 https://food.grab.com/my/en/restaurant/beans-heritage-armenian-street- … 0 items
  [434/2090] 20210123 https://food.grab.com/my/en/restaurant/bee-hive-bee-natural-southkey-d … 0 items
  [435/2090] 20210120 https://food.grab.com/my/en/restaurant/beelalaq-parkcity-phase-1-deliv … 0 items
  [436/2090] 20210304 https://food.grab.com/my/en/restaurant/bestmenu-restaurant-non-halal-s … 0 items
  [437/2090] 20210301 https://food.grab.com/my/en/restaurant/betel-leaf-restaurant-lebuh-amp … 0 items
  [438/2090] 20210227 https://food.grab.com/my/en/restaurant/bg-s-famous-waffle-bukit-gedung … 0 items
  [439/2090] 20210301 https://food.grab.com/my/en/restaurant/bibi-s-popiah-aneka-selera-rest … 0 items
  [440/2090] 20210308 https://food.grab.com/my/en/restaurant/bibik-s-kitchen-nyonya-cuisine- … 0 items
  [441/2090] 20210101 https://food.grab.com/my/en/restaurant/big-apple-donuts-coffee-the-min … 0 items
  [442/2090] 20210120 https://food.grab.com/my/en/restaurant/black-canyon-aeon-kota-bahru-de … 0 items
  [443/2090] 20210308 https://food.grab.com/my/en/restaurant/black-door-arena-curve-delivery … 0 items
  [444/2090] 20210228 https://food.grab.com/my/en/restaurant/black-kettle-beach-st-non-halal … 0 items
  [445/2090] 20210303 https://food.grab.com/my/en/restaurant/blackburn-cafe-taman-farlim-ind … 0 items
  [446/2090] 20210306 https://food.grab.com/my/en/restaurant/blue-chang-modern-thai-cuisine- … 0 items
  [447/2090] 20210228 https://food.grab.com/my/en/restaurant/blue-mountain-cafe-taman-kleban … 0 items
  [448/2090] 20210120 https://food.grab.com/my/en/restaurant/boat-noodle-aeon-kota-bharu-del … 0 items
  [449/2090] 20210303 https://food.grab.com/my/en/restaurant/boat-noodle-ipoh-parade-deliver … 0 items
  [450/2090] 20210226 https://food.grab.com/my/en/restaurant/boat-noodle-sunway-carnival-del … 0 items
  [451/2090] 20210301 https://food.grab.com/my/en/restaurant/bobalife-taman-kolej-perdana-no … 0 items
  [452/2090] 20210128 https://food.grab.com/my/en/restaurant/boost-juice-bars-bintang-megama … 0 items
  [453/2090] 20210225 https://food.grab.com/my/en/restaurant/boost-juice-bars-design-village … 0 items
  [455/2090] 20210304 https://food.grab.com/my/en/restaurant/braised-gravy-king-jalan-burma- … 0 items
  [456/2090] 20210121 https://food.grab.com/my/en/restaurant/bread-room-cafe-bakery-jalan-sa … 0 items
  [457/2090] 20210304 https://food.grab.com/my/en/restaurant/breadking-summerton-delivery/1- … 0 items
  [458/2090] 20210305 https://food.grab.com/my/en/restaurant/breda-cafe-jalan-medan-ipoh-non … 0 items
  [459/2090] 20210305 https://food.grab.com/my/en/restaurant/bs3-sebelah-kuil-arulmigu-sitia … 0 items
  [460/2090] 20210227 https://food.grab.com/my/en/restaurant/bumbledee-s-1938-usm-delivery/1 … 0 items
  [461/2090] 20210116 https://food.grab.com/my/en/restaurant/bumbu-cabe-jalan-pending-delive … 0 items
  [462/2090] 20210117 https://food.grab.com/my/en/restaurant/burger-bros-one-south-street-ma … 0 items
  [463/2090] 20210307 https://food.grab.com/my/en/restaurant/burger-society-lebuh-leith-deli … 0 items
  [464/2090] 20210124 https://food.grab.com/my/en/restaurant/burger-town-ampang-putra-reside … 0 items
  [465/2090] 20210302 https://food.grab.com/my/en/restaurant/butter-olive-jalan-fettes-deliv … 0 items
  [466/2090] 20210118 https://food.grab.com/my/en/restaurant/c-p-coffee-company-bandar-baru- … 0 items
  [467/2090] 20210301 https://food.grab.com/my/en/restaurant/c39-pusat-penjaja-non-halal-del … 0 items
  [468/2090] 20210115 https://food.grab.com/my/en/restaurant/cafe-bld-renaissance-hotel-deli … 0 items
  [469/2090] 20210224 https://food.grab.com/my/en/restaurant/cafe-tong-xin-yuan-pasir-penjih … 0 items
  [470/2090] 20210118 https://food.grab.com/my/en/restaurant/canopy-by-tiger-bay-london-the- … 0 items
  [471/2090] 20210124 https://food.grab.com/my/en/restaurant/canton-i-city-square-non-halal- … 0 items
  [472/2090] 20210302 https://food.grab.com/my/en/restaurant/canton-i-gurney-plaza-non-halal … 0 items
  [473/2090] 20210125 https://food.grab.com/my/en/restaurant/capitol-seafood-taman-sutera-ut … 0 items
  [474/2090] 20210126 https://food.grab.com/my/en/restaurant/cars-talk-lounge-taman-gaya-del … 0 items
  [475/2090] 20210304 https://food.grab.com/my/en/restaurant/cat-live-cafe-bandar-perda-deli … 0 items
  [476/2090] 20210308 https://food.grab.com/my/en/restaurant/cendol-istimewa-taman-harmoni-d … 0 items
  [477/2090] 20210301 https://food.grab.com/my/en/restaurant/char-kuey-teow-abang-sayang-med … 0 items
  [478/2090] 20210123 https://food.grab.com/my/en/restaurant/chat-tea-star-megamall-delivery … 0 items
  [479/2090] 20210119 https://food.grab.com/my/en/restaurant/chatime-jetty-point-langkawi-de … 0 items
  [480/2090] 20210301 https://food.grab.com/my/en/restaurant/chatter-corner-bangunan-yik-foo … 0 items
  [481/2090] 20210125 https://food.grab.com/my/en/restaurant/chatto-mount-austin-delivery/1- … 0 items
  [482/2090] 20210225 https://food.grab.com/my/en/restaurant/cheers-toast-burger-imperial-to … 0 items
  [483/2090] 20210303 https://food.grab.com/my/en/restaurant/chef-din-roti-canai-pasar-awam- … 0 items
  [484/2090] 20210122 https://food.grab.com/my/en/restaurant/chef-recipe-cafe-taman-mount-au … 0 items
  [485/2090] 20210117 https://food.grab.com/my/en/restaurant/chef-recipe-plaza-arkadia-non-h … 0 items
  [486/2090] 20210301 https://food.grab.com/my/en/restaurant/cheong-kee-hakka-lao-ipoh-garde … 0 items
  [487/2090] 20210225 https://food.grab.com/my/en/restaurant/cheong-kee-hakka-lao-jalan-raja … 0 items
  [488/2090] 20210308 https://food.grab.com/my/en/restaurant/chern-ka-lebuh-tye-sin-non-hala … 0 items
  [489/2090] 20210301 https://food.grab.com/my/en/restaurant/cherry-blossom-thai-restaurant- … 0 items
  [490/2090] 20210307 https://food.grab.com/my/en/restaurant/chiak-ong-bak-kut-teh-jalan-tre … 0 items
  [491/2090] 20210226 https://food.grab.com/my/en/restaurant/chicken-hotpot-house-elit-avenu … 0 items
  [492/2090] 20210226 https://food.grab.com/my/en/restaurant/chicken-hotpot-house-jalan-icon … 0 items
  [493/2090] 20210307 https://food.grab.com/my/en/restaurant/chicketory-taman-berjaya-delive … 0 items
  [494/2090] 20210127 https://food.grab.com/my/en/restaurant/chickilicious-bintang-megamall- … 0 items
  [495/2090] 20210305 https://food.grab.com/my/en/restaurant/chilisncheese-arena-curve-deliv … 0 items
  [496/2090] 20210307 https://food.grab.com/my/en/restaurant/chimi-chuka-restaurant-prima-ta … 0 items
  [497/2090] 20210117 https://food.grab.com/my/en/restaurant/choke-dee-thai-food-ck-megakitc … 0 items
  [498/2090] 20210301 https://food.grab.com/my/en/restaurant/chong-qing-lao-huo-guo-jalan-ke … 0 items
  [499/2090] 20210303 https://food.grab.com/my/en/restaurant/choo-choo-chicken-persiaran-gre … 0 items
  [500/2090] 20210227 https://food.grab.com/my/en/restaurant/chop-n-chips-lebuh-presgrave-de … 0 items
  [501/2090] 20210303 https://food.grab.com/my/en/restaurant/chu-char-1st-1st-avenue-deliver … 0 items
  [502/2090] 20210116 https://food.grab.com/my/en/restaurant/cio-fermented-fruit-drink-tanju … 0 items
  [503/2090] 20210225 https://food.grab.com/my/en/restaurant/ck-cheng-cafe-lintang-slim-non- … 0 items
  [504/2090] 20210304 https://food.grab.com/my/en/restaurant/cl-april-cafe-and-dessert-taman … 0 items
  [505/2090] 20210306 https://food.grab.com/my/en/restaurant/cl-asian-kitchen-georgetown-del … 0 items
  [506/2090] 20210304 https://food.grab.com/my/en/restaurant/cl-creameal-jalan-gurdwara-deli … 0 items
  [507/2090] 20210305 https://food.grab.com/my/en/restaurant/cl-dierarash-kitchen-pintas-ten … 0 items
  [508/2090] 20210302 https://food.grab.com/my/en/restaurant/cl-fumi-honey-house-jalan-jenta … 0 items
  [509/2090] 20210305 https://food.grab.com/my/en/restaurant/cl-hong-kong-chee-cheong-fun-an … 0 items
  [510/2090] 20210227 https://food.grab.com/my/en/restaurant/cl-hou-mei-dou-kitchen-lebuh-ke … 0 items
  [511/2090] 20210117 https://food.grab.com/my/en/restaurant/cl-jollibee-centre-point-sabah- … 0 items
  [512/2090] 20210226 https://food.grab.com/my/en/restaurant/cl-liulian-ice-cream-jalan-pena … 0 items
  [513/2090] 20210303 https://food.grab.com/my/en/restaurant/cl-mmog-legendary-gathers-cafe- … 0 items
  [514/2090] 20210302 https://food.grab.com/my/en/restaurant/cl-mountain-tea-arena-curve-del … 0 items
  [515/2090] 20210303 https://food.grab.com/my/en/restaurant/cl-old-town-white-coffee-prangi … 0 items
  [516/2090] 20210304 https://food.grab.com/my/en/restaurant/cl-peh-peh-brew-pusat-perniagaa … 0 items
  [575/2090] 20210413 https://food.grab.com/my/en/restaurant/aiman-food-station-glomac-centr … 0 items
  [576/2090] 20210623 https://food.grab.com/my/en/restaurant/airtea-taman-ungku-tun-aminah-d … 0 items
  [577/2090] 20210421 https://food.grab.com/my/en/restaurant/aj-cheese-baked-k88-food-court- … 0 items
  [578/2090] 20210416 https://food.grab.com/my/en/restaurant/al-diafah-express-sri-petaling- … 0 items
  [579/2090] 20210615 https://food.grab.com/my/en/restaurant/al-haura-arabic-kopitiam-bandar … 15 items
  [580/2090] 20210511 https://food.grab.com/my/en/restaurant/al-ikhlas-gadget-bandar-baru-ud … 15 items
  [581/2090] 20210516 https://food.grab.com/my/en/restaurant/al-ikhlas-gadget-taman-mutiara- … 15 items
  [582/2090] 20210413 https://food.grab.com/my/en/restaurant/al-rafi-bistro-seksyen-13-deliv … 0 items
  [583/2090] 20210421 https://food.grab.com/my/en/restaurant/alamak-krystal-square-delivery/ … 0 items
  [584/2090] 20210514 https://food.grab.com/my/en/restaurant/ali-food-corner-changkat-thambi … 15 items
  [586/2090] 20210512 https://food.grab.com/my/en/restaurant/alibaba-nyonya-mid-valley-south … 15 items
  [587/2090] 20210507 https://food.grab.com/my/en/restaurant/alibaba-nyonya-toppen-shopping- … 0 items
  [588/2090] 20210415 https://food.grab.com/my/en/restaurant/alibaba-nyonya-ttdi-delivery/MY … 0 items
  [589/2090] 20210509 https://food.grab.com/my/en/restaurant/all-day-by-union-roastery-3-dam … 0 items
  [590/2090] 20210506 https://food.grab.com/my/en/restaurant/all-day-polo-bun-jalan-ss2-10-n … 0 items
  [593/2090] 20210516 https://food.grab.com/my/en/restaurant/alpro-pharmacy-bandar-baru-uda- … 15 items
  [594/2090] 20210516 https://food.grab.com/my/en/restaurant/alpro-pharmacy-bandar-seri-putr … 15 items
  [595/2090] 20210420 https://food.grab.com/my/en/restaurant/alpro-pharmacy-chulia-street-de … 0 items
  [596/2090] 20210420 https://food.grab.com/my/en/restaurant/alpro-pharmacy-farlim-delivery/ … 0 items
  [597/2090] 20210511 https://food.grab.com/my/en/restaurant/alpro-pharmacy-ksl-city-mall-de … 15 items
  [599/2090] 20210513 https://food.grab.com/my/en/restaurant/alpro-pharmacy-munshi-abdullah- … 15 items
  [601/2090] 20210420 https://food.grab.com/my/en/restaurant/amelio-the-waterfront-non-halal … 0 items
  [602/2090] 20210421 https://food.grab.com/my/en/restaurant/an-23-char-kuey-teow-taman-tawa … 0 items
  [603/2090] 20210416 https://food.grab.com/my/en/restaurant/anjappar-restaurant-jalan-bunus … 0 items
  [604/2090] 20210508 https://food.grab.com/my/en/restaurant/anjappar-restaurant-sek-14-deli … 0 items
  [605/2090] 20210512 https://food.grab.com/my/en/restaurant/anmour-cafe-eco-botanic-non-hal … 15 items
  [606/2090] 20210511 https://food.grab.com/my/en/restaurant/anmour-cafe-kulai-non-halal-del … 15 items
  [607/2090] 20210519 https://food.grab.com/my/en/restaurant/anmour-cafe-mount-austin-non-ha … 15 items
  [608/2090] 20210509 https://food.grab.com/my/en/restaurant/anmour-cafe-taman-sutera-utama- … 0 items
  [609/2090] 20210513 https://food.grab.com/my/en/restaurant/antipodean-menara-tan-tan-non-h … 15 items
  [610/2090] 20210515 https://food.grab.com/my/en/restaurant/aoki-tei-japanese-restaurant-io … 15 items
  [611/2090] 20210614 https://food.grab.com/my/en/restaurant/apam-balik-2-u-taman-samudera-d … 15 items
  [612/2090] 20210514 https://food.grab.com/my/en/restaurant/apam-balik-unique-puncak-jalil- … 15 items
  [613/2090] 20210515 https://food.grab.com/my/en/restaurant/api-burger-tapak-urban-street-d … 15 items
  [614/2090] 20210517 https://food.grab.com/my/en/restaurant/appethaizing-taman-pelangi-non- … 15 items
  [615/2090] 20210413 https://food.grab.com/my/en/restaurant/arabella-restaurant-shisha-loun … 0 items
  [616/2090] 20210508 https://food.grab.com/my/en/restaurant/arabic-palace-restaurant-sg-mer … 0 items
  [617/2090] 20210509 https://food.grab.com/my/en/restaurant/arabthai-chef-restaurant-bandar … 0 items
  [618/2090] 20210411 https://food.grab.com/my/en/restaurant/arena-menara-ken-ttdi-non-halal … 0 items
  [619/2090] 20210508 https://food.grab.com/my/en/restaurant/ariff-maju-bistro-jalan-putra-d … 0 items
  [620/2090] 20210514 https://food.grab.com/my/en/restaurant/aroi-thai-main-place-delivery/1 … 15 items
  [621/2090] 20210509 https://food.grab.com/my/en/restaurant/aroi-thai-pearl-shopping-galler … 0 items
  [622/2090] 20210417 https://food.grab.com/my/en/restaurant/arul-special-burger-seksyen-7-d … 0 items
  [623/2090] 20210519 https://food.grab.com/my/en/restaurant/aruna-s-kitchen-usj-18-delivery … 15 items
  [624/2090] 20210620 https://food.grab.com/my/en/restaurant/asam-pedas-claypot-ezool-plaza- … 15 items
  [625/2090] 20210509 https://food.grab.com/my/en/restaurant/asam-pedas-premier-bukit-jeluto … 0 items
  [627/2090] 20210516 https://food.grab.com/my/en/restaurant/asma-rojak-larkin-plaza-larkin- … 15 items
  [628/2090] 20210512 https://food.grab.com/my/en/restaurant/astons-specialities-paradigm-ma … 15 items
  [629/2090] 20210509 https://food.grab.com/my/en/restaurant/atap-by-pagi-coffee-co-ss15-del … 0 items
  [631/2090] 20210506 https://food.grab.com/my/en/restaurant/auntie-anne-s-aeon-bandar-dato- … 0 items
  [632/2090] 20210516 https://food.grab.com/my/en/restaurant/auntie-anne-s-aeon-bandaraya-me … 15 items
  [633/2090] 20210622 https://food.grab.com/my/en/restaurant/auntie-anne-s-aeon-kinta-city-d … 0 items
  [634/2090] 20210509 https://food.grab.com/my/en/restaurant/auntie-anne-s-aeon-shah-alam-de … 0 items
  [635/2090] 20210508 https://food.grab.com/my/en/restaurant/auntie-anne-s-alamanda-putrajay … 0 items
  [636/2090] 20210518 https://food.grab.com/my/en/restaurant/auntie-anne-s-bangsar-village-d … 15 items
  [637/2090] 20210415 https://food.grab.com/my/en/restaurant/auntie-anne-s-berjaya-times-squ … 0 items
  [638/2090] 20210411 https://food.grab.com/my/en/restaurant/auntie-anne-s-dpulze-delivery/1 … 0 items
  [639/2090] 20210423 https://food.grab.com/my/en/restaurant/auntie-anne-s-ioi-puchong-deliv … 0 items
  [640/2090] 20210508 https://food.grab.com/my/en/restaurant/auntie-anne-s-ksl-city-mall-del … 0 items
  [641/2090] 20210508 https://food.grab.com/my/en/restaurant/auntie-anne-s-mid-valley-delive … 0 items
  [642/2090] 20210517 https://food.grab.com/my/en/restaurant/auntie-anne-s-mid-valley-southk … 15 items
  [643/2090] 20210511 https://food.grab.com/my/en/restaurant/auntie-anne-s-quill-city-mall-d … 15 items
  [644/2090] 20210421 https://food.grab.com/my/en/restaurant/auntie-anne-s-setapak-central-d … 0 items
  [645/2090] 20210511 https://food.grab.com/my/en/restaurant/auntie-anne-s-setia-city-mall-d … 15 items
  [646/2090] 20210420 https://food.grab.com/my/en/restaurant/auntie-anne-s-sungei-wang-deliv … 0 items
  [647/2090] 20210413 https://food.grab.com/my/en/restaurant/auntie-anne-s-sunway-putra-mall … 0 items
  [648/2090] 20210507 https://food.grab.com/my/en/restaurant/auntie-anne-s-sunway-pyramid-lg … 0 items
  [649/2090] 20210423 https://food.grab.com/my/en/restaurant/auntie-anne-s-sunway-velocity-d … 0 items
  [650/2090] 20210514 https://food.grab.com/my/en/restaurant/auntie-fong-s-kitchen-taman-ung … 15 items
  [651/2090] 20210416 https://food.grab.com/my/en/restaurant/auntie-sim-kitchen-ss21-non-hal … 0 items
  [652/2090] 20210509 https://food.grab.com/my/en/restaurant/aunty-sam-satay-damansara-utama … 0 items
  [653/2090] 20210509 https://food.grab.com/my/en/restaurant/aunty-sam-satay-subang-jaya-del … 0 items
  [654/2090] 20210508 https://food.grab.com/my/en/restaurant/aussie-space-bandar-sri-damansa … 0 items
  [656/2090] 20210506 https://food.grab.com/my/en/restaurant/avenue-bistro-empire-damansara- … 0 items
  [657/2090] 20210421 https://food.grab.com/my/en/restaurant/avocadian-s-avocado-milkshake-m … 0 items
  [659/2090] 20210620 https://food.grab.com/my/en/restaurant/ayam-garam-aun-kheng-lim-taman- … 15 items
  [660/2090] 20210508 https://food.grab.com/my/en/restaurant/ayam-gepuk-berempah-taman-melaw … 0 items
  [661/2090] 20210512 https://food.grab.com/my/en/restaurant/ayam-gepuk-pak-gembus-dataran-w … 15 items
  [662/2090] 20210509 https://food.grab.com/my/en/restaurant/ayam-gepuk-pak-gembus-jalan-dat … 0 items
  [663/2090] 20210412 https://food.grab.com/my/en/restaurant/ayam-gepuk-pak-gembus-jalan-sul … 0 items
  [664/2090] 20210413 https://food.grab.com/my/en/restaurant/ayam-gepuk-pak-gembus-jalan-tar … 0 items
  [665/2090] 20210422 https://food.grab.com/my/en/restaurant/ayam-gepuk-pak-gembus-pelangi-d … 0 items
  [710/2090] 20210727 https://food.grab.com/my/en/restaurant/baan-26-bukit-bintang-delivery/ … 0 items
  [711/2090] 20210731 https://food.grab.com/my/en/restaurant/baby-sunshine-88-market-place-d … 0 items
  [712/2090] 20210919 https://food.grab.com/my/en/restaurant/balloon-52u-cafe-taman-kota-lak … 0 items
  [713/2090] 20210918 https://food.grab.com/my/en/restaurant/bamboo-garden-seafood-hui-sing- … 0 items
  [714/2090] 20210726 https://food.grab.com/my/en/restaurant/banafee-seri-alam-delivery/1-CZ … 0 items
  [715/2090] 20210727 https://food.grab.com/my/en/restaurant/bangsar-fish-head-corner-jalan- … 0 items
  [716/2090] 20210803 https://food.grab.com/my/en/restaurant/barbacoa-kl-jalan-bangsar-deliv … 0 items
  [717/2090] 20210916 https://food.grab.com/my/en/restaurant/bari-uma-pavilion-elite-non-hal … 0 items
  [718/2090] 20210917 https://food.grab.com/my/en/restaurant/baskin-robbins-aeon-melaka-deli … 0 items
  [719/2090] 20210804 https://food.grab.com/my/en/restaurant/baskin-robbins-aeon-seremban-2- … 0 items
  [720/2090] 20210728 https://food.grab.com/my/en/restaurant/baskin-robbins-aeon-tebrau-city … 0 items
  [721/2090] 20210919 https://food.grab.com/my/en/restaurant/baskin-robbins-aman-central-del … 0 items
  [722/2090] 20210923 https://food.grab.com/my/en/restaurant/baskin-robbins-imperial-heritag … 0 items
  [723/2090] 20210728 https://food.grab.com/my/en/restaurant/baskin-robbins-jpo-delivery/1-C … 0 items
  [724/2090] 20210918 https://food.grab.com/my/en/restaurant/baskin-robbins-mahkota-parade-d … 0 items
  [725/2090] 20210803 https://food.grab.com/my/en/restaurant/baskin-robbins-suria-sabah-mall … 0 items
  [726/2090] 20210728 https://food.grab.com/my/en/restaurant/baskin-robbins-taman-molek-deli … 0 items
  [727/2090] 20210920 https://food.grab.com/my/en/restaurant/bawangchaji-kota-syahbandar-del … 0 items
  [728/2090] 20210725 https://food.grab.com/my/en/restaurant/bayu-aquaculture-green-os-kelom … 0 items
  [729/2090] 20210916 https://food.grab.com/my/en/restaurant/bbq-chicken-aeon-mall-kuching-d … 0 items
  [730/2090] 20210728 https://food.grab.com/my/en/restaurant/bbq-chicken-centre-point-sabah- … 0 items
  [731/2090] 20210916 https://food.grab.com/my/en/restaurant/beango-cafe-tabuan-stutong-comm … 0 items
  [732/2090] 20210916 https://food.grab.com/my/en/restaurant/bei-zhan-restaurant-taman-kota- … 0 items
  [733/2090] 20210726 https://food.grab.com/my/en/restaurant/belly-talk-eco-palladium-delive … 0 items
  [734/2090] 20210925 https://food.grab.com/my/en/restaurant/bellygood-cafe-bandar-riyal-non … 0 items
  [735/2090] 20210803 https://food.grab.com/my/en/restaurant/ben-s-general-food-store-jalan- … 0 items
  [736/2090] 20210927 https://food.grab.com/my/en/restaurant/bess-kopitiam-taman-sin-hoe-del … 0 items
  [737/2090] 20210728 https://food.grab.com/my/en/restaurant/bev-c-afe-jalan-tan-hiok-nee-de … 0 items
  [738/2090] 20210921 https://food.grab.com/my/en/restaurant/bibik-house-cendol-jalan-hang-j … 0 items
  [739/2090] 20210809 https://food.grab.com/my/en/restaurant/big-apple-donuts-coffee-aeon-bi … 0 items
  [740/2090] 20210723 https://food.grab.com/my/en/restaurant/big-apple-donuts-coffee-aeon-ni … 0 items
  [741/2090] 20210916 https://food.grab.com/my/en/restaurant/big-apple-donuts-coffee-lotus-s … 0 items
  [742/2090] 20210801 https://food.grab.com/my/en/restaurant/big-apple-donuts-coffee-lotus-s … 0 items
  [743/2090] 20210804 https://food.grab.com/my/en/restaurant/big-apple-donuts-coffee-mydin-s … 0 items
  [744/2090] 20210920 https://food.grab.com/my/en/restaurant/big-coconut-western-taman-hui-s … 0 items
  [745/2090] 20210728 https://food.grab.com/my/en/restaurant/big-daddy-s-jalan-padi-emas-del … 0 items
  [746/2090] 20210916 https://food.grab.com/my/en/restaurant/big-galley-s-cafe-kompleks-pern … 0 items
  [747/2090] 20210725 https://food.grab.com/my/en/restaurant/big-mug-cyber-square-delivery/1 … 0 items
  [748/2090] 20210731 https://food.grab.com/my/en/restaurant/big-three-fish-noodle-one-avenu … 0 items
  [749/2090] 20210727 https://food.grab.com/my/en/restaurant/bilabila-mart-taman-seputeh-del … 0 items
  [750/2090] 20210919 https://food.grab.com/my/en/restaurant/black-canyon-dataran-pahlawan-d … 0 items
  [751/2090] 20210802 https://food.grab.com/my/en/restaurant/black-canyon-palm-mall-delivery … 0 items
  [752/2090] 20210728 https://food.grab.com/my/en/restaurant/black-canyon-toppen-shopping-ce … 0 items
  [753/2090] 20210728 https://food.grab.com/my/en/restaurant/black-swan-cupcakes-kampung-mel … 0 items
  [754/2090] 20210922 https://food.grab.com/my/en/restaurant/blendsmiths-saradise-delivery/1 … 0 items
  [755/2090] 20210923 https://food.grab.com/my/en/restaurant/blue-roses-florist-rock-road-de … 0 items
  [756/2090] 20210918 https://food.grab.com/my/en/restaurant/bms-organic-jalan-stutong-deliv … 0 items
  [757/2090] 20210918 https://food.grab.com/my/en/restaurant/boat-noodle-aeon-melaka-deliver … 0 items
  [758/2090] 20210916 https://food.grab.com/my/en/restaurant/boat-noodle-aman-central-delive … 0 items
  [759/2090] 20210920 https://food.grab.com/my/en/restaurant/boat-noodle-mahkota-parade-deli … 0 items
  [761/2090] 20210726 https://food.grab.com/my/en/restaurant/boost-juice-bars-aeon-tebrau-ci … 0 items
  [762/2090] 20210724 https://food.grab.com/my/en/restaurant/boost-juice-bars-ksl-city-deliv … 0 items
  [763/2090] 20210803 https://food.grab.com/my/en/restaurant/borneo-asian-food-by-sugarbun-c … 0 items
  [764/2090] 20210921 https://food.grab.com/my/en/restaurant/borneo-eco-fish-sdn-bhd-jalan-t … 0 items
  [765/2090] 20210921 https://food.grab.com/my/en/restaurant/botanist-cafe-taman-melaka-raya … 0 items
  [766/2090] 20210920 https://food.grab.com/my/en/restaurant/bozz-kambing-bakar-metrocity-ma … 0 items
  [767/2090] 20210921 https://food.grab.com/my/en/restaurant/breadsman-premier-101-delivery/ … 0 items
  [768/2090] 20210920 https://food.grab.com/my/en/restaurant/bro-beger-taman-sri-siantan-del … 0 items
  [769/2090] 20210725 https://food.grab.com/my/en/restaurant/btc-bistro-inanam-delivery/1-CZ … 0 items
  [770/2090] 20210924 https://food.grab.com/my/en/restaurant/bubur-istimewa-melaka-jalan-cem … 0 items
  [771/2090] 20210919 https://food.grab.com/my/en/restaurant/bunga-raya-popiah-jalan-bunga-r … 0 items
  [772/2090] 20210918 https://food.grab.com/my/en/restaurant/burger-king-aeon-melaka-deliver … 0 items
  [773/2090] 20210726 https://food.grab.com/my/en/restaurant/burger-king-aeon-taman-universi … 0 items
  [774/2090] 20210728 https://food.grab.com/my/en/restaurant/burger-king-mid-valley-southkey … 0 items
  [775/2090] 20210802 https://food.grab.com/my/en/restaurant/burger-king-palm-mall-delivery/ … 0 items
  [776/2090] 20210724 https://food.grab.com/my/en/restaurant/burger-king-sunway-big-box-deli … 0 items
  [777/2090] 20210728 https://food.grab.com/my/en/restaurant/burger-king-suria-sabah-deliver … 0 items
  [778/2090] 20210727 https://food.grab.com/my/en/restaurant/burger-town-bukit-bintang-deliv … 0 items
  [779/2090] 20210920 https://food.grab.com/my/en/restaurant/burgerdeals-taman-kesidang-deli … 0 items
  [780/2090] 20210727 https://food.grab.com/my/en/restaurant/cafe-beskal-bandar-16-delivery/ … 0 items
  [781/2090] 20210927 https://food.grab.com/my/en/restaurant/cafe-cafe-section-9-ktld-delive … 0 items
  [783/2090] 20210919 https://food.grab.com/my/en/restaurant/calanthe-art-cafe-jalan-hang-ka … 0 items
  [784/2090] 20210918 https://food.grab.com/my/en/restaurant/canai-cafe-ss15-delivery/1-CZDJ … 0 items
  [785/2090] 20210728 https://food.grab.com/my/en/restaurant/capitol-seafood-taman-mount-aus … 0 items
  [787/2090] 20210728 https://food.grab.com/my/en/restaurant/carl-s-jr-mid-valley-southkey-d … 0 items
  [788/2090] 20210727 https://food.grab.com/my/en/restaurant/cat-the-fiddle-whole-cakes-sunw … 0 items
  [789/2090] 20210804 https://food.grab.com/my/en/restaurant/cendol-bmi-1985-gerai-majlis-da … 0 items
  [790/2090] 20210927 https://food.grab.com/my/en/restaurant/cendol-jam-besar-jalan-temenggo … 0 items
  [791/2090] 20210920 https://food.grab.com/my/en/restaurant/cendol-kampung-hulu-delivery/MY … 0 items
  [792/2090] 20210924 https://food.grab.com/my/en/restaurant/cendol-limbang-jalan-satok-deli … 0 items
  [793/2090] 20210924 https://food.grab.com/my/en/restaurant/cendol-limbang-mydin-petra-jaya … 0 items
  [794/2090] 20210928 https://food.grab.com/my/en/restaurant/ceylonese-restaurant-jalan-gree … 0 items
  [795/2090] 20210728 https://food.grab.com/my/en/restaurant/cha-yu-qian-xun-tasek-central-d … 0 items
  [796/2090] 20210726 https://food.grab.com/my/en/restaurant/cham-s-roast-grill-damas-118-pl … 0 items
  [797/2090] 20210918 https://food.grab.com/my/en/restaurant/char-kway-teow-tapak-kuning-mat … 0 items
  [798/2090] 20210917 https://food.grab.com/my/en/restaurant/charr-d-smoeky-grillhouse-loron … 0 items
  [799/2090] 20210927 https://food.grab.com/my/en/restaurant/chatime-mahkota-parade-delivery … 0 items
  [800/2090] 20210730 https://food.grab.com/my/en/restaurant/chatime-shell-nilai-delivery/1- … 0 items
  [801/2090] 20210928 https://food.grab.com/my/en/restaurant/chatime-vivacity-megamall-deliv … 0 items
  [802/2090] 20210926 https://food.grab.com/my/en/restaurant/chatto-taman-kota-laksamana-del … 0 items
  [803/2090] 20210803 https://food.grab.com/my/en/restaurant/chef-low-express-lucky-garden-n … 0 items
  [804/2090] 20210726 https://food.grab.com/my/en/restaurant/cheotnun-korean-dessert-cafe-de … 0 items
  [805/2090] 20210726 https://food.grab.com/my/en/restaurant/chi-gui-mala-hot-pot-jalan-dato … 0 items
  [806/2090] 20210926 https://food.grab.com/my/en/restaurant/chicago-7-eastmoore-centre-deli … 0 items
  [807/2090] 20210918 https://food.grab.com/my/en/restaurant/chicago-7-rubber-road-delivery/ … 0 items
  [808/2090] 20210921 https://food.grab.com/my/en/restaurant/chicken-shak-tt3-delivery/1-CY2 … 0 items
  [809/2090] 20210922 https://food.grab.com/my/en/restaurant/chickilicious-gala-city-deliver … 0 items
  [810/2090] 20210925 https://food.grab.com/my/en/restaurant/chicking-eating-house-wisma-nat … 0 items
  [811/2090] 20210917 https://food.grab.com/my/en/restaurant/chin-hua-vegetarian-food-kota-l … 0 items
  [812/2090] 20210804 https://food.grab.com/my/en/restaurant/chizu-honzu-aeon-nilai-delivery … 0 items
  [813/2090] 20210724 https://food.grab.com/my/en/restaurant/choco-choco-ksl-city-delivery/1 … 0 items
  [814/2090] 20210724 https://food.grab.com/my/en/restaurant/chocoloco-caffe-aeon-nilai-deli … 0 items
  [815/2090] 20210919 https://food.grab.com/my/en/restaurant/choice-marketplace-jalan-batu-k … 0 items
  [816/2090] 20210921 https://food.grab.com/my/en/restaurant/choice-premier-premier-101-deli … 0 items
  [958/2090] 20231021 https://food.grab.com/my/en/restaurant/monroe-jalan-bukit-bintang-deli … 68 items
  [959/2090] 20231025 https://food.grab.com/my/en/restaurant/mountain-tofufa-%E5%B1%B1%E6%B0 … 33 items
  [960/2090] 20231021 https://food.grab.com/my/en/restaurant/mr-laksa-kampung-sungai-tangkas … 17 items
  [961/2090] 20231023 https://food.grab.com/my/en/restaurant/mun-coffee-kl-q-avenue-queensvi … 52 items
  [962/2090] 20231102 https://food.grab.com/my/en/restaurant/nasi-kukus-dahan-menara-miti-de … 25 items
  [963/2090] 20231106 https://food.grab.com/my/en/restaurant/nasi-lemak-kakak-manis-persiara … 26 items
  [964/2090] 20231211 https://food.grab.com/my/en/restaurant/new-lucky-fried-rice-s-sri-peta … 0 items
  [965/2090] 20231218 https://food.grab.com/my/en/restaurant/one-piece-onigirazu-nu-sentral- … 23 items
  [966/2090] 20231020 https://food.grab.com/my/en/restaurant/oren-19-putra-heights-delivery/ … 6 items
  [967/2090] 20231011 https://food.grab.com/my/en/restaurant/paanwala-kl-sentral-delivery/1- … 17 items
  [968/2090] 20231027 https://food.grab.com/my/en/restaurant/pacak-by-mabros-platinum-walk-d … 75 items
  [969/2090] 20231027 https://food.grab.com/my/en/restaurant/pak-john-steamboat-bbq-ioi-city … 42 items
  [970/2090] 20231023 https://food.grab.com/my/en/restaurant/pak-john-steamboat-dimsum-bbq-t … 36 items
  [971/2090] 20231013 https://food.grab.com/my/en/restaurant/pasta-mafia-coox-verve-shops-mo … 59 items
  [972/2090] 20231028 https://food.grab.com/my/en/restaurant/pclo-cafe-bandar-sri-permaisuri … 32 items
  [973/2090] 20231214 https://food.grab.com/my/en/restaurant/pinch-plaza-batai-non-halal-del … 75 items
  [974/2090] 20231022 https://food.grab.com/my/en/restaurant/pisang-addict-senawang-tigo-omp … 63 items
  [975/2090] 20231028 https://food.grab.com/my/en/restaurant/principle-cafe-by-t-a-m-jb-town … 55 items
  [976/2090] 20231026 https://food.grab.com/my/en/restaurant/provisions-damansara-jaya-deliv … 48 items
  [977/2090] 20231026 https://food.grab.com/my/en/restaurant/provisions-ooak-ooak-suites-del … 54 items
  [978/2090] 20231216 https://food.grab.com/my/en/restaurant/punjab-express-restaurant-datar … 200 items
  [979/2090] 20231012 https://food.grab.com/my/en/restaurant/restaurant-darsa-maxim-city-lig … 71 items
  [980/2090] 20231221 https://food.grab.com/my/en/restaurant/rojak-utara-dikla-bandar-kuanta … 3 items
  [981/2090] 20231101 https://food.grab.com/my/en/restaurant/roti-kaya-siti-taman-bunga-raya … 42 items
  [982/2090] 20231023 https://food.grab.com/my/en/restaurant/silomak-mambau-garden-homes-del … 63 items
  [983/2090] 20231020 https://food.grab.com/my/en/restaurant/simply-thai-taman-gembira-non-h … 164 items
  [984/2090] 20231011 https://food.grab.com/my/en/restaurant/sixth-sense-jalan-keruing-deliv … 29 items
  [985/2090] 20231012 https://food.grab.com/my/en/restaurant/soulmeal-selection-desa-park-no … 18 items
  [986/2090] 20231022 https://food.grab.com/my/en/restaurant/tamam-tea-coffee-paragon-point- … 53 items
  [987/2090] 20231028 https://food.grab.com/my/en/restaurant/tapai-warisan-bandor-twb-mart-a … 5 items
  [988/2090] 20231012 https://food.grab.com/my/en/restaurant/thai-box-bukit-bintang-delivery … 23 items
  [989/2090] 20231012 https://food.grab.com/my/en/restaurant/the-chkn-kl-kampung-segambut-te … 12 items
  [990/2090] 20231013 https://food.grab.com/my/en/restaurant/the-garrison-mmu-delivery/1-C2U … 43 items
  [991/2090] 20231012 https://food.grab.com/my/en/restaurant/the-hungry-lab-bandar-baru-sri- … 52 items
  [992/2090] 20231012 https://food.grab.com/my/en/restaurant/the-link-cafe-sri-petaling-deli … 57 items
  [993/2090] 20231016 https://food.grab.com/my/en/restaurant/the-loaf-coffee-platinum-park-d … 60 items
  [994/2090] 20231026 https://food.grab.com/my/en/restaurant/the-shuai-guo-hotpot-lintas-squ … 39 items
  [995/2090] 20231025 https://food.grab.com/my/en/restaurant/three-years-old-jalan-sin-chew- … 66 items
  [996/2090] 20231026 https://food.grab.com/my/en/restaurant/ticklish-ribs-wiches-rexkl-non- … 32 items
  [997/2090] 20231012 https://food.grab.com/my/en/restaurant/uncle-soon-fried-rice-sri-petal … 3 items
  [998/2090] 20231012 https://food.grab.com/my/en/restaurant/verona-east-888-food-court-non- … 18 items
  [999/2090] 20231020 https://food.grab.com/my/en/restaurant/waki-malaysian-dim-sum-delivery … 118 items
  [1000/2090] 20231022 https://food.grab.com/my/en/restaurant/wok-in-kopitiam-95-desa-petalin … 10 items
  [1001/2090] 20231025 https://food.grab.com/my/en/restaurant/wow-rc-gong-badak-jalan-gong-ba … 55 items
  [1002/2090] 20231022 https://food.grab.com/my/en/restaurant/wow-rc-setiu-bandar-permaisuri- … 70 items
  [1003/2090] 20231230 https://food.grab.com/my/en/restaurant/yan-s-oriental-kitchen-sri-peta … 88 items
  [1004/2090] 20231211 https://food.grab.com/my/en/restaurant/yang-ming-chinese-restaurant-ba … 54 items
  [1005/2090] 20231023 https://food.grab.com/my/en/restaurant/yu-ai-food-industries-sdn-bhd-k … 16 items
  [1006/2090] 20231020 https://food.grab.com/my/en/restaurants?lng=en&search=MyNews&pid=Faceb … 0 items
  [1007/2090] 20231028 https://food.grab.com/my/en/restaurants?lng=en&search=MyNews&pid=Faceb … 0 items
  [1008/2090] 20231028 https://food.grab.com/my/en/restaurants?lng=en&search=vivo%20pizza&pid … 0 items
  [1009/2090] 20231113 https://food.grab.com/my/en/restaurants?lng=en&search=Gigi%20Coffee&pi … 0 items
  [1010/2090] 20231122 https://food.grab.com/my/en/restaurants?category=chinese-delivery&id=4 … 0 items
  [1011/2090] 20231214 https://food.grab.com/my/en/restaurants?lng=en&search= … 0 items
  [1012/2090] 20231230 https://food.grab.com/my/en/restaurants?lng=en&search=chinee … 0 items
  [1013/2090] 20231230 https://food.grab.com/my/en/restaurants?lng=en&search=chinee&support-d … 0 items
  [1014/2090] 20231230 https://food.grab.com/my/en/restaurants?lng=en&search=chinese&support- … 0 items
  [1015/2090] 20231211 https://food.grab.com/my/en/restaurants?lng=en&search=chinese&support- … 0 items
  [1016/2090] 20231230 https://food.grab.com/my/en/restaurants?lng=en&search=drunk%20cat&supp … 0 items
  [1017/2090] 20231211 https://food.grab.com/my/en/restaurants?lng=en&search=fei%20fei&suppor … 0 items
  [1018/2090] 20231214 https://food.grab.com/my/en/restaurants?lng=en&search=mami%20porridge … 0 items
  [1019/2090] 20231214 https://food.grab.com/my/en/restaurants?lng=en&search=mami%20porridge& … 0 items
  [1020/2090] 20231214 https://food.grab.com/my/en/restaurants?lng=en&search=mami%20porrigde … 0 items
  [1021/2090] 20231214 https://food.grab.com/my/en/restaurants?lng=en&search=mami%20porrigde& … 0 items
  [1022/2090] 20231025 https://food.grab.com/my/en/restaurants?lng=en&search=pastalahh … 0 items
  [1023/2090] 20231021 https://food.grab.com/my/en/restaurants?lng=en&search=Texas%20Chicken … 0 items
  [1024/2090] 20231024 https://food.grab.com/my/en/restaurants?search=tonkatsu%20by%20ma%20ma … 0 items
  [1101/2090] 20241214 https://food.grab.com/my/en/restaurant/dave-s-deli-subang-parade-deliv … 58 items
  [1103/2090] 20241214 https://food.grab.com/my/en/restaurant/din-tai-fung-sunway-pyramid-non … 117 items
  [1104/2090] 20241202 https://food.grab.com/my/en/restaurant/dome-cafe-bsc-delivery/1-CYVWJX … 117 items
  [1105/2090] 20241202 https://food.grab.com/my/en/restaurant/don-don-korean-bbq-desa-sri-har … 45 items
  [1107/2090] 20241104 https://food.grab.com/my/en/restaurant/dubuyo-sogo-delivery/MYDD09863? … 122 items
  [1108/2090] 20241202 https://food.grab.com/my/en/restaurant/eato-enjoy-japanese-teppanyaki- … 56 items
  [1109/2090] 20241104 https://food.grab.com/my/en/restaurant/el-burrito-co-petaling-jaya-del … 67 items
  [1110/2090] 20241212 https://food.grab.com/my/en/restaurant/elevete-patisserie-kitchenco-ba … 28 items
  [1111/2090] 20241212 https://food.grab.com/my/en/restaurant/emart24-uoa-sentul-point-delive … 194 items
  [1112/2090] 20241212 https://food.grab.com/my/en/restaurant/epic-food-hall-bangsar-delivery … 102 items
  [1113/2090] 20241212 https://food.grab.com/my/en/restaurant/epic-food-hall-kuala-lumpur-del … 102 items
  [1115/2090] 20241202 https://food.grab.com/my/en/restaurant/familymart-menara-uoa-delivery/ … 200 items
  [1116/2090] 20241214 https://food.grab.com/my/en/restaurant/feng-cha-jalan-royal-delivery/1 … 61 items
  [1118/2090] 20241202 https://food.grab.com/my/en/restaurant/fuel-shack-damansara-height-del … 20 items
  [1119/2090] 20241210 https://food.grab.com/my/en/restaurant/gandhi-s-vegetarian-restaurant- … 42 items
  [1120/2090] 20241202 https://food.grab.com/my/en/restaurant/gigi-coffee-datum-jelatek-mall- … 60 items
  [1121/2090] 20241104 https://food.grab.com/my/en/restaurant/gigi-coffee-pavilion-damansara- … 69 items
  [1122/2090] 20241202 https://food.grab.com/my/en/restaurant/gong-cha-pavilion-damansara-hei … 64 items
  [1123/2090] 20241104 https://food.grab.com/my/en/restaurant/gong-cha-publika-delivery/1-C3D … 64 items
  [1125/2090] 20241202 https://food.grab.com/my/en/restaurant/grind-33-bangsar-delivery/1-C34 … 55 items
  [1126/2090] 20241212 https://food.grab.com/my/en/restaurant/haagen-dazs-nu-sentral-delivery … 0 items
  [1127/2090] 20241202 https://food.grab.com/my/en/restaurant/hana-japanese-teishoku-meals-ta … 55 items
  [1128/2090] 20241202 https://food.grab.com/my/en/restaurant/hank-s-the-gardens-non-halal-de … 199 items
  [1129/2090] 20241202 https://food.grab.com/my/en/restaurant/hawker-hall-hartamas-delivery/1 … 94 items
  [1130/2090] 20241212 https://food.grab.com/my/en/restaurant/hock-choon-jalan-ampang-deliver … 198 items
  [1131/2090] 20241212 https://food.grab.com/my/en/restaurant/hot-arabian-taman-sri-rampai-de … 52 items
  [1132/2090] 20241202 https://food.grab.com/my/en/restaurant/hot-bird-damansara-utama-delive … 25 items
  [1133/2090] 20241212 https://food.grab.com/my/en/restaurant/hot-western-taman-sri-rampai-de … 72 items
  [1134/2090] 20241202 https://food.grab.com/my/en/restaurant/hungry-western-food-laman-bagin … 78 items
  [1135/2090] 20241212 https://food.grab.com/my/en/restaurant/incheon-noodle-kuala-lumpur-del … 67 items
  [1136/2090] 20241104 https://food.grab.com/my/en/restaurant/incheon-noodle-petaling-jaya-de … 63 items
  [1137/2090] 20241104 https://food.grab.com/my/en/restaurant/innbar-plaza-arkadia-non-halal- … 78 items
  [1138/2090] 20241212 https://food.grab.com/my/en/restaurant/inside-scoop-klcc-delivery/MYDD … 55 items
  [1139/2090] 20241212 https://food.grab.com/my/en/restaurant/inside-scoop-whole-cakes-klcc-d … 17 items
  [1140/2090] 20241212 https://food.grab.com/my/en/restaurant/inside-scoop-whole-cakes-sunway … 17 items
  [1141/2090] 20241214 https://food.grab.com/my/en/restaurant/ippudo-sunway-velocity-non-hala … 43 items
  [1142/2090] 20241212 https://food.grab.com/my/en/restaurant/jaya-grocer-cheras-leisure-mall … 193 items
  [1143/2090] 20241213 https://food.grab.com/my/en/restaurant/jjeonda-chicken-bangsar-deliver … 74 items
  [1144/2090] 20241104 https://food.grab.com/my/en/restaurant/jjeonda-chicken-petaling-jaya-d … 70 items
  [1145/2090] 20241213 https://food.grab.com/my/en/restaurant/juice-works-dc-mall-delivery/MY … 57 items
  [1146/2090] 20241213 https://food.grab.com/my/en/restaurant/kafe-se-eh-sokmo-taman-sri-gomb … 153 items
  [1147/2090] 20241214 https://food.grab.com/my/en/restaurant/kayuapi-by-naughty-bali-jalan-d … 48 items
  [1148/2090] 20241202 https://food.grab.com/my/en/restaurant/ken-chan-chicken-nu-sentral-del … 65 items
  [1149/2090] 20241202 https://food.grab.com/my/en/restaurant/kenangan-coffee-nu-sentral-deli … 82 items
  [1150/2090] 20241213 https://food.grab.com/my/en/restaurant/kfc-jalan-tun-perak-delivery/1- … 88 items
  [1151/2090] 20241104 https://food.grab.com/my/en/restaurant/kfc-puchong-delivery/1-CZL2JE2K … 100 items
  [1152/2090] 20241202 https://food.grab.com/my/en/restaurant/kfc-sungai-besi-toll-dt-deliver … 108 items
  [1153/2090] 20241212 https://food.grab.com/my/en/restaurant/kgb-gourmet-burgers-bangsar-del … 62 items
  [1154/2090] 20241202 https://food.grab.com/my/en/restaurant/king-chicken-fresh-kitchen-co-b … 7 items
  [1155/2090] 20241212 https://food.grab.com/my/en/restaurant/king-of-pizza-taman-sri-rampai- … 119 items
  [1156/2090] 20241202 https://food.grab.com/my/en/restaurant/koi-th%C3%A9-sri-petaling-deliv … 123 items
  [1157/2090] 20241214 https://food.grab.com/my/en/restaurant/kor3an-fried-chicken-pusat-pern … 63 items
  [1158/2090] 20241212 https://food.grab.com/my/en/restaurant/krua-thai-moo-ka-ta-jalan-vista … 175 items
  [1159/2090] 20241213 https://food.grab.com/my/en/restaurant/kubis-kale-southlink-delivery/1 … 59 items
  [1160/2090] 20241212 https://food.grab.com/my/en/restaurant/kwan-kee-store-publika-shopping … 28 items
  [1161/2090] 20241202 https://food.grab.com/my/en/restaurant/kyochon-korean-fried-chicken-de … 106 items
  [1162/2090] 20241107 https://food.grab.com/my/en/restaurant/la-burger-taiping-stesen-ktm-la … 51 items
  [1163/2090] 20241202 https://food.grab.com/my/en/restaurant/la-juiceria-superfoods-menjalar … 0 items
  [1164/2090] 20241214 https://food.grab.com/my/en/restaurant/lai-heng-mart-d-alamanda-delive … 182 items
  [1165/2090] 20241202 https://food.grab.com/my/en/restaurant/lim-fried-chicken-mid-valley-de … 55 items
  [1166/2090] 20241212 https://food.grab.com/my/en/restaurant/lisette-s-jalan-kemuja-delivery … 168 items
  [1167/2090] 20241202 https://food.grab.com/my/en/restaurant/lotus-s-mutiara-damansara-deliv … 200 items
  [1168/2090] 20241202 https://food.grab.com/my/en/restaurant/madam-kwan-s-pavilion-damansara … 122 items
  [1169/2090] 20241213 https://food.grab.com/my/en/restaurant/mat-rock-ayam-kunyit-maxim-city … 20 items
  [1170/2090] 20241212 https://food.grab.com/my/en/restaurant/mc-pasta-house-taman-sri-rampai … 60 items
  [1171/2090] 20241202 https://food.grab.com/my/en/restaurant/mcdonald-s%C2%AE-kl-sentral-155 … 0 items
  [1172/2090] 20241212 https://food.grab.com/my/en/restaurant/mcdonald-s%C2%AE-m2-mall-285-de … 0 items
  [1173/2090] 20241214 https://food.grab.com/my/en/restaurant/meraki-medicare-taman-tasek-mew … 72 items
  [1174/2090] 20241107 https://food.grab.com/my/en/restaurant/mios-kitchen-bandar-kinrara-del … 45 items
  [1175/2090] 20241212 https://food.grab.com/my/en/restaurant/miracle-love-boutique-by-mazzla … 99 items
  [1176/2090] 20241202 https://food.grab.com/my/en/restaurant/mixue-damansara-perdana-deliver … 28 items
  [1177/2090] 20241104 https://food.grab.com/my/en/restaurant/mixue-quill-city-mall-delivery/ … 28 items
  [1178/2090] 20241212 https://food.grab.com/my/en/restaurant/mixue-sentul-boulevard-delivery … 29 items
  [1179/2090] 20241213 https://food.grab.com/my/en/restaurant/mochisaru-jalan-choo-cheng-khay … 59 items
  [1180/2090] 20241213 https://food.grab.com/my/en/restaurant/moghul-mahal-restaurant-brickfi … 199 items
  [1181/2090] 20241226 https://food.grab.com/my/en/restaurant/mokti%E2%80%99s-jalan-kuala-ked … 36 items
  [1182/2090] 20241213 https://food.grab.com/my/en/restaurant/mr-wu-taiwan-restaurant-126-met … 72 items
  [1183/2090] 20241114 https://food.grab.com/my/en/restaurant/mr-wu-taiwan-restaurant-taman-e … 81 items
  [1184/2090] 20241202 https://food.grab.com/my/en/restaurant/myburgerlab-mid-valley-delivery … 48 items
  [1185/2090] 20241104 https://food.grab.com/my/en/restaurant/mynews-ss2-mix-match-delivery/1 … 197 items
  [1186/2090] 20241214 https://food.grab.com/my/en/restaurant/nadia-cafe-wisma-leopad-deliver … 95 items
  [1187/2090] 20241213 https://food.grab.com/my/en/restaurant/nagayo-maze-ramen-bangsar-deliv … 65 items
  [1188/2090] 20241104 https://food.grab.com/my/en/restaurant/nagayo-maze-ramen-petaling-jaya … 67 items
  [1189/2090] 20241104 https://food.grab.com/my/en/restaurant/nanda-chicken-solaris-mont-kiar … 57 items
  [1190/2090] 20241104 https://food.grab.com/my/en/restaurant/nando-s-3-damansara-delivery/1- … 98 items
  [1264/2090] 20250119 https://food.grab.com/my/en/restaurant/bread-history-quill-city-mall-d … 136 items
  [1268/2090] 20250209 https://food.grab.com/my/en/restaurant/brew-bread-wisma-mca-delivery/1 … 69 items
  [1277/2090] 20250321 https://food.grab.com/my/en/restaurant/burger-king-plaza-low-yat-deliv … 0 items
  [1289/2090] 20250126 https://food.grab.com/my/en/restaurant/cafe-kelab-golf-kuala-kangsar-j … 76 items
  [1290/2090] 20250126 https://food.grab.com/my/en/restaurant/cafe-kelab-golf-kuala-kangsar-j … 76 items
  [1298/2090] 20250119 https://food.grab.com/my/en/restaurant/chili-padi-burger-s-taman-setap … 48 items
  [1303/2090] 20250119 https://food.grab.com/my/en/restaurant/christine-s-bakery-mid-valley-d … 110 items
  [1308/2090] 20250119 https://food.grab.com/my/en/restaurant/combi-rice-ktz-food-xpress-ss2- … 53 items
  [1312/2090] 20250324 https://food.grab.com/my/en/restaurant/damascus-restoran-bukit-bintang … 0 items
  [1314/2090] 20250119 https://food.grab.com/my/en/restaurant/dara-burger-bakar-ttdi-delivery … 69 items
  [1319/2090] 20250115 https://food.grab.com/my/en/restaurant/delicious-burger-stadium-kl-del … 22 items
  [1321/2090] 20250324 https://food.grab.com/my/en/restaurant/dessert-destination-a-luxury-ar … 0 items
  [1322/2090] 20250324 https://food.grab.com/my/en/restaurant/dessert-samyang-lepaq-d%E2%80%9 … 0 items
  [1324/2090] 20250323 https://food.grab.com/my/en/restaurant/dipndip-bangsar-baru-delivery/1 … 0 items
  [1325/2090] 20250316 https://food.grab.com/my/en/restaurant/dodo-korea-nu-sentral-delivery/ … 24 items
  [1327/2090] 20250319 https://food.grab.com/my/en/restaurant/domino-s-pizza-bangsar-delivery … 112 items
  [1328/2090] 20250319 https://food.grab.com/my/en/restaurant/domino-s-pizza-brickfields-deli … 112 items
  [1330/2090] 20250319 https://food.grab.com/my/en/restaurant/domino-s-pizza-jalan-pudu-deliv … 112 items
  [1331/2090] 20250321 https://food.grab.com/my/en/restaurant/domino-s-pizza-petaling-street- … 0 items
  [1333/2090] 20250324 https://food.grab.com/my/en/restaurant/dondon-korean-bbq-uptown-damans … 0 items
  [1336/2090] 20250119 https://food.grab.com/my/en/restaurant/durianbb-world-jalan-sultan-del … 29 items
  [1338/2090] 20250316 https://food.grab.com/my/en/restaurant/dz-burger-bangsar-jalan-maarof- … 180 items
  [1339/2090] 20250119 https://food.grab.com/my/en/restaurant/eat-cake-today-whole-cakes-mena … 7 items
  [1392/2090] 20250519 https://food.grab.com/my/en/restaurant/cotti-coffee-damansara-city-mal … 0 items
  [1393/2090] 20250616 https://food.grab.com/my/en/restaurant/daily-mart-jalan-sarikei-delive … 0 items
  [1394/2090] 20250419 https://food.grab.com/my/en/restaurant/dapo-lapo-ikan-bakar-sambal-pad … 0 items
  [1396/2090] 20250522 https://food.grab.com/my/en/restaurant/din-tai-fung-pavilion-bukit-jal … 0 items
  [1397/2090] 20250522 https://food.grab.com/my/en/restaurant/din-tai-fung-pavilion-non-halal … 0 items
  [1401/2090] 20250422 https://food.grab.com/my/en/restaurant/durian-hill-ss2-delivery/1-CYUV … 0 items
  [1402/2090] 20250422 https://food.grab.com/my/en/restaurant/durian-man-ss2-delivery/MYDD100 … 0 items
  [1409/2090] 20250522 https://food.grab.com/my/en/restaurant/epic-food-hall-petaling-jaya-de … 0 items
  [1411/2090] 20250516 https://food.grab.com/my/en/restaurant/ffd-burger-jalan-tiong-delivery … 0 items
  [1412/2090] 20250523 https://food.grab.com/my/en/restaurant/five-guys-pavilion-delivery/1-C … 0 items
  [1413/2090] 20250622 https://food.grab.com/my/en/restaurant/foodasia-scott-hotel-delivery/1 … 0 items
  [1414/2090] 20250422 https://food.grab.com/my/en/restaurant/frida-fried-chicken-petaling-ja … 0 items
  [1415/2090] 20250419 https://food.grab.com/my/en/restaurant/fuel-shack-signature-nexus-bang … 0 items
  [1417/2090] 20250430 https://food.grab.com/my/en/restaurant/geprek-bensu-bukit-bintang-deli … 0 items
  [1418/2090] 20250422 https://food.grab.com/my/en/restaurant/global-kitchen-taman-wangsa-mel … 0 items
  [1419/2090] 20250516 https://food.grab.com/my/en/restaurant/gong-cha-starling-mall-delivery … 0 items
  [1420/2090] 20250422 https://food.grab.com/my/en/restaurant/good-taste-restaurant-jalil-lin … 0 items
  [1421/2090] 20250516 https://food.grab.com/my/en/restaurant/haagen-dazs-nu-sentral-delivery … 0 items
  [1423/2090] 20250522 https://food.grab.com/my/en/restaurant/haider-sons-klcc-mart-vortex-su … 0 items
  [1424/2090] 20250616 https://food.grab.com/my/en/restaurant/hana-japanese-teishoku-meals-ta … 0 items
  [1425/2090] 20250622 https://food.grab.com/my/en/restaurant/hanbing-korean-dessert-cafe-nu- … 0 items
  [1426/2090] 20250429 https://food.grab.com/my/en/restaurant/hercaa-mitsui-lalaport-kl-deliv … 0 items
  [1428/2090] 20250422 https://food.grab.com/my/en/restaurant/heytea-the-exchange-trx-deliver … 0 items
  [1429/2090] 20250622 https://food.grab.com/my/en/restaurant/hi-bob-tanglin-bangsar-delivery … 0 items
  [1430/2090] 20250518 https://food.grab.com/my/en/restaurant/hot-bird-damansara-utama-delive … 0 items
  [1431/2090] 20250519 https://food.grab.com/my/en/restaurant/hot-bird-trx-delivery/1-C63HPCJ … 0 items
  [1432/2090] 20250522 https://food.grab.com/my/en/restaurant/hot-western-taman-sri-rampai-de … 0 items
  [1433/2090] 20250516 https://food.grab.com/my/en/restaurant/huckleberry-food-fare-delivery/ … 0 items
  [1436/2090] 20250424 https://food.grab.com/my/en/restaurant/illy-pavilion-bukit-jalil-deliv … 0 items
  [1437/2090] 20250519 https://food.grab.com/my/en/restaurant/inside-scoop-publika-delivery/1 … 0 items
  [1438/2090] 20250616 https://food.grab.com/my/en/restaurant/j-kissa-cafe-aeon-big-subang-ja … 0 items
  [1439/2090] 20250622 https://food.grab.com/my/en/restaurant/jamboo-kl-jalan-tun-h-s-lee-del … 0 items
  [1440/2090] 20250620 https://food.grab.com/my/en/restaurant/jaya-grocer-intermark-delivery/ … 0 items
  [1441/2090] 20250419 https://food.grab.com/my/en/restaurant/jaya-grocer-sunway-pyramid-deli … 0 items
  [1442/2090] 20250419 https://food.grab.com/my/en/restaurant/jjeonda-chicken-kuala-lumpur-de … 0 items
  [1443/2090] 20250622 https://food.grab.com/my/en/restaurant/jonetz-by-don-don-donki-lot-10- … 0 items
  [1444/2090] 20250519 https://food.grab.com/my/en/restaurant/juice-works-pavilion-damansara- … 0 items
  [1445/2090] 20250620 https://food.grab.com/my/en/restaurant/kami-mix-match-ridzuan-condo-de … 0 items
  [1446/2090] 20250622 https://food.grab.com/my/en/restaurant/kelate-kito-brickfields-deliver … 0 items
  [1447/2090] 20250622 https://food.grab.com/my/en/restaurant/ken-chan-curry-nu-sentral-deliv … 0 items
  [1448/2090] 20250429 https://food.grab.com/my/en/restaurant/kenny-rogers-roasters-bintang-m … 0 items
  [1449/2090] 20250419 https://food.grab.com/my/en/restaurant/kfc-kl-sentral-delivery/1-CZL2J … 0 items
  [1450/2090] 20250430 https://food.grab.com/my/en/restaurant/kgb-empire-subang-delivery/1-CY … 0 items
  [1451/2090] 20250522 https://food.grab.com/my/en/restaurant/kgb-gourmet-burgers-pavilion-de … 0 items
  [1452/2090] 20250419 https://food.grab.com/my/en/restaurant/kgb-gourmet-burgers-the-gardens … 0 items
  [1453/2090] 20250430 https://food.grab.com/my/en/restaurant/khun-mae-pusat-bandar-putra-per … 0 items
  [1454/2090] 20250522 https://food.grab.com/my/en/restaurant/kind-kones-plaza-damansara-deli … 0 items
  [1455/2090] 20250622 https://food.grab.com/my/en/restaurant/kl-damascus-kitchen-jalan-tuank … 0 items
  [1456/2090] 20250429 https://food.grab.com/my/en/restaurant/koi-th%C3%A9-ansa-bukit-bintang … 0 items
  [1457/2090] 20250422 https://food.grab.com/my/en/restaurant/koi-th%C3%A9-berjaya-times-squa … 0 items
  [1458/2090] 20250620 https://food.grab.com/my/en/restaurant/koi-th%C3%A9-klcc-delivery/MYDD … 0 items
  [1459/2090] 20250519 https://food.grab.com/my/en/restaurant/koppiku-central-market-delivery … 0 items
  [1460/2090] 20250620 https://food.grab.com/my/en/restaurant/korean-bites-ridzuan-condo-deli … 0 items
  [1461/2090] 20250616 https://food.grab.com/my/en/restaurant/krua-thai-moo-ka-ta-taman-conna … 0 items
  [1462/2090] 20250422 https://food.grab.com/my/en/restaurant/kung-fu-panda-tea-lot-10-shoppi … 0 items
  [1463/2090] 20250616 https://food.grab.com/my/en/restaurant/kyochon-korean-fried-chicken-ex … 0 items
  [1464/2090] 20250620 https://food.grab.com/my/en/restaurant/lale-cafe-restaurant-usj-height … 0 items
  [1465/2090] 20250620 https://food.grab.com/my/en/restaurant/lalezar-restaurant-ampang-deliv … 0 items
  [1466/2090] 20250422 https://food.grab.com/my/en/restaurant/lam-heung-ling-elite-pavilion-d … 0 items
  [1467/2090] 20250429 https://food.grab.com/my/en/restaurant/lela-seafood-selera-pantai-timu … 0 items
  [1468/2090] 20250522 https://food.grab.com/my/en/restaurant/liho-tea-pavilion-damansara-hei … 0 items
  [1469/2090] 20250422 https://food.grab.com/my/en/restaurant/liho-tea-sunway-velocity-delive … 0 items
  [1470/2090] 20250517 https://food.grab.com/my/en/restaurant/limapulo-jalan-doraisamy-delive … 0 items
  [1471/2090] 20250422 https://food.grab.com/my/en/restaurant/lung-ngen-claypot-coffee-sunway … 0 items
  [1472/2090] 20250519 https://food.grab.com/my/en/restaurant/maccha-iki-pandan-indah-deliver … 0 items
  [1473/2090] 20250424 https://food.grab.com/my/en/restaurant/marshall-s-co-dang-wangi-delive … 0 items
  [1474/2090] 20250422 https://food.grab.com/my/en/restaurant/mcdonald-s%C2%AE-bangsar-8-deli … 0 items
  [1475/2090] 20250422 https://food.grab.com/my/en/restaurant/mcdonald-s%C2%AE-kuchai-lama-18 … 0 items
  [1476/2090] 20250429 https://food.grab.com/my/en/restaurant/mee-tarik-muslim-%E4%B8%AD%E5%9 … 0 items
  [1477/2090] 20250519 https://food.grab.com/my/en/restaurant/mei-by-fat-spoon-desa-sri-harta … 0 items
  [1478/2090] 20250422 https://food.grab.com/my/en/restaurant/memang-meow-mersing-delivery/1- … 0 items
  [1479/2090] 20250430 https://food.grab.com/my/en/restaurant/meng-kee-grill-fish-jalan-alor- … 0 items
  [1480/2090] 20250622 https://food.grab.com/my/en/restaurant/minum-lokal-oyo-home-dua-sentra … 0 items
  [1481/2090] 20250522 https://food.grab.com/my/en/restaurant/mixue-jalan-hang-kasturi-delive … 0 items
  [1482/2090] 20250422 https://food.grab.com/my/en/restaurant/mixue-permata-sapura-klcc-lot-9 … 0 items
  [1483/2090] 20250519 https://food.grab.com/my/en/restaurant/momoyo-petaling-street-delivery … 0 items
  [1484/2090] 20250616 https://food.grab.com/my/en/restaurant/moorthy-s-mathai-brickfields-de … 0 items
  [1485/2090] 20250622 https://food.grab.com/my/en/restaurant/mr-wu-taiwan-restaurant-damansa … 0 items
  [1486/2090] 20250519 https://food.grab.com/my/en/restaurant/mr-wu-taiwan-restaurant-sunway- … 0 items
  [1487/2090] 20250620 https://food.grab.com/my/en/restaurant/my-burger-ramly-burger-sri-pena … 0 items
  [1488/2090] 20250516 https://food.grab.com/my/en/restaurant/mynews-plaza-sentral-delivery/1 … 0 items
  [1489/2090] 20250429 https://food.grab.com/my/en/restaurant/nafis-kitchen-bangunan-rumah-um … 0 items
  [1490/2090] 20250519 https://food.grab.com/my/en/restaurant/namaste-india-old-malaya-delive … 0 items
  [1533/2090] 20250917 https://food.grab.com/my/en/restaurant/dapor-arisaan-jaya-one-pj-deliv … 49 items
  [1535/2090] 20250810 https://food.grab.com/my/en/restaurant/deli-cafe-business-park-deliver … 198 items
  [1536/2090] 20250720 https://food.grab.com/my/en/restaurant/deli-garden-cake-corner-persiar … 22 items
  [1537/2090] 20250805 https://food.grab.com/my/en/restaurant/din-tai-fung-the-gardens-mall-n … 142 items
  [1538/2090] 20250906 https://food.grab.com/my/en/restaurant/durianbb-world-jalan-sultan-del … 39 items
  [1540/2090] 20250805 https://food.grab.com/my/en/restaurant/eat-cake-today-whole-cakes-mena … 7 items
  [1541/2090] 20250917 https://food.grab.com/my/en/restaurant/elevete-patisserie-kitchenco-ba … 28 items
  [1542/2090] 20250906 https://food.grab.com/my/en/restaurant/emart24-uoa-sentul-point-delive … 192 items
  [1543/2090] 20250810 https://food.grab.com/my/en/restaurant/farmasi-park-city-damansara-uta … 200 items
  [1544/2090] 20250917 https://food.grab.com/my/en/restaurant/fowlboys-desa-sri-hartamas-deli … 37 items
  [1545/2090] 20250813 https://food.grab.com/my/en/restaurant/fruitti-fresh-jalan-kasipillay- … 66 items
  [1546/2090] 20250720 https://food.grab.com/my/en/restaurant/fuel-shack-signature-nexus-bang … 49 items
  [1547/2090] 20250720 https://food.grab.com/my/en/restaurant/gelato-fruity-sunway-pyramid-de … 0 items
  [1548/2090] 20250718 https://food.grab.com/my/en/restaurant/gem-restaurant-brickfields-deli … 149 items
  [1549/2090] 20250813 https://food.grab.com/my/en/restaurant/gigi-coffee-the-gardens-deliver … 49 items
  [1550/2090] 20250906 https://food.grab.com/my/en/restaurant/gindaco-publika-delivery/1-CYVK … 44 items
  [1551/2090] 20250918 https://food.grab.com/my/en/restaurant/gold-thon-ml16-industrial-park- … 24 items
  [1553/2090] 20250813 https://food.grab.com/my/en/restaurant/haider-sons-klcc-mart-vortex-su … 200 items
  [1554/2090] 20250720 https://food.grab.com/my/en/restaurant/halab-express-bukit-bintang-del … 109 items
  [1555/2090] 20250805 https://food.grab.com/my/en/restaurant/halab-kl-beremi-bukit-bintang-d … 191 items
  [1556/2090] 20250918 https://food.grab.com/my/en/restaurant/hekaya-shamia-restaurant-laman- … 191 items
  [1557/2090] 20250810 https://food.grab.com/my/en/restaurant/hercaa-mitsui-lalaport-kl-deliv … 43 items
  [1558/2090] 20250810 https://food.grab.com/my/en/restaurant/homemade-burger-gombak-delivery … 28 items
  [1559/2090] 20250917 https://food.grab.com/my/en/restaurant/hometown-hainan-coffee-berjaya- … 170 items
  [1560/2090] 20250813 https://food.grab.com/my/en/restaurant/hometown-hainan-coffee-tropican … 170 items
  [1561/2090] 20250917 https://food.grab.com/my/en/restaurant/hot-papa-burger-chow-kit-delive … 91 items
  [1562/2090] 20250906 https://food.grab.com/my/en/restaurant/hsbc-restaurant-bangsar-park-de … 85 items
  [1563/2090] 20250917 https://food.grab.com/my/en/restaurant/huckleberry-bsc-delivery/1-CZC1 … 83 items
  [1564/2090] 20250813 https://food.grab.com/my/en/restaurant/hwc-coffee-menara-pacific-place … 54 items
  [1565/2090] 20250906 https://food.grab.com/my/en/restaurant/inside-scoop-klcc-delivery/MYDD … 52 items
  [1566/2090] 20250917 https://food.grab.com/my/en/restaurant/inside-scoop-whole-cakes-bangsa … 16 items
  [1567/2090] 20250913 https://food.grab.com/my/en/restaurant/ipoh-shredded-chicken-hor-fun-f … 19 items
  [1568/2090] 20250725 https://food.grab.com/my/en/restaurant/j-j-thai-tomyam-noodle-house-le … 81 items
  [1569/2090] 20250917 https://food.grab.com/my/en/restaurant/jibril-jb-larkin-jaya-delivery/ … 75 items
  [1570/2090] 20250710 https://food.grab.com/my/en/restaurant/jollibee-plaza-low-yat-delivery … 99 items
  [1571/2090] 20250810 https://food.grab.com/my/en/restaurant/jrl-burger-jalan-putra-delivery … 45 items
  [1572/2090] 20250810 https://food.grab.com/my/en/restaurant/kafe-se-eh-sokmo-taman-sri-gomb … 153 items
  [1573/2090] 20250918 https://food.grab.com/my/en/restaurant/kanna-curry-house-jalan-gasing- … 156 items
  [1574/2090] 20250918 https://food.grab.com/my/en/restaurant/kawkaw-kopi-1970%E2%80%99s-ttdi … 19 items
  [1575/2090] 20250917 https://food.grab.com/my/en/restaurant/kayra-delivers-bangsar-delivery … 56 items
  [1576/2090] 20250723 https://food.grab.com/my/en/restaurant/keek-lee-enterprise-one-eleven- … 9 items
  [1577/2090] 20250906 https://food.grab.com/my/en/restaurant/kgb-gourmet-burgers-bangsar-del … 114 items
  [1578/2090] 20250805 https://food.grab.com/my/en/restaurant/kgb-gourmet-burgers-putrajaya-d … 113 items
  [1579/2090] 20250710 https://food.grab.com/my/en/restaurant/kgb-gourmet-burgers-the-gardens … 113 items
  [1580/2090] 20250810 https://food.grab.com/my/en/restaurant/koi-th%C3%A9-ansa-bukit-bintang … 95 items
  [1581/2090] 20250718 https://food.grab.com/my/en/restaurant/koong-woh-tong-jalan-petaling-d … 14 items
  [1582/2090] 20250810 https://food.grab.com/my/en/restaurant/korean-food-cafe-b-station-ampa … 58 items
  [1583/2090] 20250917 https://food.grab.com/my/en/restaurant/krave-koffee-taman-desa-deliver … 58 items
  [1584/2090] 20250813 https://food.grab.com/my/en/restaurant/krua-thai-moo-ka-ta-jalan-vista … 195 items
  [1585/2090] 20250810 https://food.grab.com/my/en/restaurant/krua-thai-moo-ka-ta-taman-conna … 200 items
  [1586/2090] 20250810 https://food.grab.com/my/en/restaurant/kwan-kee-store-publika-shopping … 34 items
  [1587/2090] 20250722 https://food.grab.com/my/en/restaurant/kyomo-%E4%BB%8A%E6%97%A5%E3%82% … 0 items
  [1588/2090] 20250815 https://food.grab.com/my/en/restaurant/la-juiceria-goodness-greens-caf … 116 items
  [1589/2090] 20250718 https://food.grab.com/my/en/restaurant/lanuuri-taman-alam-shah-deliver … 13 items
  [1590/2090] 20250718 https://food.grab.com/my/en/restaurant/lim-fried-chicken-mid-valley-de … 62 items
  [1591/2090] 20250723 https://food.grab.com/my/en/restaurant/lung-ngen-claypot-coffee-sunway … 18 items
  [1592/2090] 20250813 https://food.grab.com/my/en/restaurant/machi-machi-lot-10-delivery/1-C … 46 items
  [1593/2090] 20250917 https://food.grab.com/my/en/restaurant/machi-machi-the-gardens-deliver … 48 items
  [1594/2090] 20250917 https://food.grab.com/my/en/restaurant/mala-master-%E9%BA%BB%E8%BE%A3% … 46 items
  [1595/2090] 20250918 https://food.grab.com/my/en/restaurant/malaysian-snacks-7-beradik-kaja … 76 items
  [1596/2090] 20250906 https://food.grab.com/my/en/restaurant/marrybrown-taman-maju-jaya-deli … 88 items
  [1597/2090] 20250906 https://food.grab.com/my/en/restaurant/mcdonald-s%C2%AE-jalan-tun-raza … 0 items
  [1598/2090] 20250917 https://food.grab.com/my/en/restaurant/mcdonald-s%C2%AE-mont-kiara-139 … 147 items
  [1599/2090] 20250918 https://food.grab.com/my/en/restaurant/medan-selera-mega-mendung-mix-m … 71 items
  [1600/2090] 20250917 https://food.grab.com/my/en/restaurant/mee-tarik-jalan-sultan-delivery … 142 items
  [1601/2090] 20250913 https://food.grab.com/my/en/restaurant/mee-tarik-muslim-%E4%B8%AD%E5%9 … 59 items
  [1602/2090] 20250918 https://food.grab.com/my/en/restaurant/mikaput-kitchen-jalan-pandan-ca … 30 items
  [1603/2090] 20250815 https://food.grab.com/my/en/restaurant/mixue-damansara-perdana-deliver … 34 items
  [1604/2090] 20250815 https://food.grab.com/my/en/restaurant/mixue-jakel-mall-delivery/1-C7K … 34 items
  [1605/2090] 20250718 https://food.grab.com/my/en/restaurant/mixue-kl-sentral-delivery/1-C63 … 36 items
  [1606/2090] 20250918 https://food.grab.com/my/en/restaurant/mixue-sentul-point-delivery/1-C … 35 items
  [1607/2090] 20250918 https://food.grab.com/my/en/restaurant/mountain-cat-frozen-durian-seta … 37 items
  [1608/2090] 20250710 https://food.grab.com/my/en/restaurant/mr-naan-mrs-idly-restaurant-bri … 200 items
  [1609/2090] 20250711 https://food.grab.com/my/en/restaurant/mtr-1924-delivery/MYDD05485? … 69 items
  [1610/2090] 20250917 https://food.grab.com/my/en/restaurant/muiz-hot-chicken-pudu-delivery/ … 18 items
  [1611/2090] 20250917 https://food.grab.com/my/en/restaurant/muslim-mee-tarik-bukit-bintang- … 139 items
  [1612/2090] 20250918 https://food.grab.com/my/en/restaurant/muslim-mee-tarik-intermark-wism … 133 items
  [1613/2090] 20250918 https://food.grab.com/my/en/restaurant/muslim-mee-tarik-megan-wisma-bu … 127 items
  [1614/2090] 20250918 https://food.grab.com/my/en/restaurant/muslim-mee-tarik-quill-residenc … 146 items
  [1615/2090] 20250906 https://food.grab.com/my/en/restaurant/my81-hyderabad-dum-biryani-bric … 48 items
  [1616/2090] 20250805 https://food.grab.com/my/en/restaurant/myburgerlab-kl-east-mall-delive … 34 items
  [1617/2090] 20250718 https://food.grab.com/my/en/restaurant/mycha-quill-city-mall-delivery/ … 50 items
  [1618/2090] 20250813 https://food.grab.com/my/en/restaurant/myeongdong-topokki-pusat-niaga- … 162 items
  [1619/2090] 20250918 https://food.grab.com/my/en/restaurant/mynews-menara-dayabumi-delivery … 180 items
  [1620/2090] 20250810 https://food.grab.com/my/en/restaurant/nagayo-maze-ramen-bangsar-deliv … 32 items
  [1621/2090] 20250917 https://food.grab.com/my/en/restaurant/nasi-arab-mont-kiara-jalan-kiar … 47 items
  [1622/2090] 20250813 https://food.grab.com/my/en/restaurant/nasi-blauk-hq-taman-bukit-dahli … 53 items
  [1623/2090] 20250906 https://food.grab.com/my/en/restaurant/nasi-blauk-larkin-delivery/1-C3 … 51 items
  [1624/2090] 20250906 https://food.grab.com/my/en/restaurant/nasi-blauk-taman-kota-masai-del … 36 items
  [1625/2090] 20250913 https://food.grab.com/my/en/restaurant/nasi-kandar-utara-jalan-bangsar … 200 items
  [1626/2090] 20250810 https://food.grab.com/my/en/restaurant/neighbowl-plaza-damansara-deliv … 58 items
  [1627/2090] 20250913 https://food.grab.com/my/en/restaurant/new-york-s-patty-n-toast-bangsa … 51 items
  [1628/2090] 20250710 https://food.grab.com/my/en/restaurant/new-york-s-patty-n-toast-petali … 45 items
  [1629/2090] 20250906 https://food.grab.com/my/en/restaurant/next-station-noodle-house-daman … 15 items
  [1630/2090] 20250917 https://food.grab.com/my/en/restaurant/ning-cha-%E6%9F%A0%E8%8C%B6-pri … 32 items
  [1631/2090] 20250720 https://food.grab.com/my/en/restaurant/nisa-bakri-gourmet-ttdi-deliver … 22 items
  [1632/2090] 20250722 https://food.grab.com/my/en/restaurant/nisa-kek-lapis-sarawak-%E2%80%9 … 29 items
  [1633/2090] 20250918 https://food.grab.com/my/en/restaurant/noodle-shack-1utama-delivery/1- … 14 items
  [1634/2090] 20250718 https://food.grab.com/my/en/restaurant/noryangjin-korean-food-kuala-lu … 44 items
  [1635/2090] 20250918 https://food.grab.com/my/en/restaurant/nyonya-handpull-pan-mee-ss-two- … 59 items
  [1636/2090] 20250917 https://food.grab.com/my/en/restaurant/oishii-donburi-petaling-jaya-de … 30 items
  [1637/2090] 20250906 https://food.grab.com/my/en/restaurant/oldtown-white-coffee-menara-com … 85 items
  [1638/2090] 20250918 https://food.grab.com/my/en/restaurant/olivia-coffee-toast-pandan-perd … 14 items
  [1639/2090] 20250722 https://food.grab.com/my/en/restaurant/one-eleven-restaurant-mix-match … 0 items
  [1640/2090] 20250804 https://food.grab.com/my/en/restaurant/online-delivery/1-C4BFNJLAE23CL … 64 items
  [1680/2090] 20251007 https://food.grab.com/my/en/restaurant/dendeng-bakar-express-jalan-tun … 48 items
  [1681/2090] 20251007 https://food.grab.com/my/en/restaurant/derbossku-burger-bandar-manjala … 23 items
  [1682/2090] 20251110 https://food.grab.com/my/en/restaurant/dietmonsta-jalan-raja-chulan-de … 0 items
  [1683/2090] 20251007 https://food.grab.com/my/en/restaurant/din-by-din-tai-fung-nu-sentral- … 130 items
  [1684/2090] 20251014 https://food.grab.com/my/en/restaurant/dindigul-thalappakatti-brickfie … 193 items
  [1688/2090] 20251205 https://food.grab.com/my/en/restaurant/eatsapinoy-restaurant-cafe-kota … 0 items
  [1689/2090] 20251106 https://food.grab.com/my/en/restaurant/ekkamai-plaza-batai-delivery/1- … 0 items
  [1690/2090] 20251014 https://food.grab.com/my/en/restaurant/el-burrito-co-kuala-lumpur-deli … 43 items
  [1691/2090] 20251013 https://food.grab.com/my/en/restaurant/epic-fit-meals-co-petaling-jaya … 22 items
  [1692/2090] 20251013 https://food.grab.com/my/en/restaurant/epic-food-hall-bangsar-delivery … 44 items
  [1694/2090] 20251114 https://food.grab.com/my/en/restaurant/famous-bistro-caf%C3%A9-bangsar … 0 items
  [1695/2090] 20251211 https://food.grab.com/my/en/restaurant/flaaah-the-bakery-four-points-b … 0 items
  [1696/2090] 20251114 https://food.grab.com/my/en/restaurant/flint-the-curve-delivery/1-C6DA … 0 items
  [1697/2090] 20251007 https://food.grab.com/my/en/restaurant/foo-fee-bandar-menjalara-non-ha … 0 items
  [1698/2090] 20251014 https://food.grab.com/my/en/restaurant/foodhall-by-kreate-desa-parkcit … 78 items
  [1699/2090] 20251106 https://food.grab.com/my/en/restaurant/friend-fries-bukit-bintang-deli … 0 items
  [1700/2090] 20251006 https://food.grab.com/my/en/restaurant/gila-burger-coox-bangsar-delive … 100 items
  [1702/2090] 20251210 https://food.grab.com/my/en/restaurant/golden-ray-mart-pangsapuri-peta … 0 items
  [1703/2090] 20251109 https://food.grab.com/my/en/restaurant/gong-cha-pavilion-kl-delivery/1 … 0 items
  [1705/2090] 20251114 https://food.grab.com/my/en/restaurant/goodmem-bangsar-delivery/1-C4JF … 0 items
  [1706/2090] 20251106 https://food.grab.com/my/en/restaurant/gsc-quill-city-mall-delivery/1- … 0 items
  [1707/2090] 20251106 https://food.grab.com/my/en/restaurant/haab-118-kiosk-delivery/1-C6XGG … 0 items
  [1709/2090] 20251211 https://food.grab.com/my/en/restaurant/hachi-bakery-cafe-mont-kiara-de … 0 items
  [1710/2090] 20251014 https://food.grab.com/my/en/restaurant/hadramawt-ampang-delivery/1-C34 … 74 items
  [1711/2090] 20251213 https://food.grab.com/my/en/restaurant/halab-restaurant-bukit-bintang- … 0 items
  [1712/2090] 20251106 https://food.grab.com/my/en/restaurant/happy-potato-quill-city-mall-de … 0 items
  [1713/2090] 20251014 https://food.grab.com/my/en/restaurant/hey-meow-korean-taman-kepong-no … 13 items
  [1714/2090] 20251111 https://food.grab.com/my/en/restaurant/heytea-the-exchange-trx-deliver … 0 items
  [1715/2090] 20251111 https://food.grab.com/my/en/restaurant/hot-arabian-taman-sri-rampai-de … 0 items
  [1716/2090] 20251013 https://food.grab.com/my/en/restaurant/hotbox-nu-sentral-delivery/1-C4 … 26 items
  [1717/2090] 20251012 https://food.grab.com/my/en/restaurant/hua-wei-chinese-restaurant-%E5% … 199 items
  [1718/2090] 20251111 https://food.grab.com/my/en/restaurant/huckleberry-bsc-delivery/1-CZC1 … 0 items
  [1721/2090] 20251211 https://food.grab.com/my/en/restaurant/huckleberry-food-fare-delivery/ … 0 items
  [1722/2090] 20251013 https://food.grab.com/my/en/restaurant/husen-cafe-brickfields-delivery … 140 items
  [1723/2090] 20251114 https://food.grab.com/my/en/restaurant/incheon-noodle-bangsar-delivery … 0 items
  [1724/2090] 20251110 https://food.grab.com/my/en/restaurant/inside-scoop-bangsar-delivery/M … 0 items
  [1725/2090] 20251210 https://food.grab.com/my/en/restaurant/inside-scoop-sunway-pyramid-del … 0 items
  [1726/2090] 20251012 https://food.grab.com/my/en/restaurant/inside-scoop-whole-cakes-sunway … 16 items
  [1727/2090] 20251106 https://food.grab.com/my/en/restaurant/istanbul-bites-ansa-bukit-binta … 0 items
  [1728/2090] 20251014 https://food.grab.com/my/en/restaurant/jaya-grocer-intermark-delivery/ … 200 items
  [1729/2090] 20251210 https://food.grab.com/my/en/restaurant/jaya-grocer-sunway-pyramid-deli … 0 items
  [1730/2090] 20251213 https://food.grab.com/my/en/restaurant/jibril-cafe-delivery/MYDD07588 … 0 items
  [1731/2090] 20251007 https://food.grab.com/my/en/restaurant/jjeonda-chicken-petaling-jaya-d … 50 items
  [1733/2090] 20251013 https://food.grab.com/my/en/restaurant/john-burger-brickfields-deliver … 33 items
  [1734/2090] 20251013 https://food.grab.com/my/en/restaurant/jollibee-brickfields-delivery/1 … 0 items
  [1735/2090] 20251013 https://food.grab.com/my/en/restaurant/juice-haven-coox-kitchen-bangsa … 15 items
  [1736/2090] 20251211 https://food.grab.com/my/en/restaurant/juicelab-menara-hap-seng-delive … 0 items
  [1737/2090] 20251012 https://food.grab.com/my/en/restaurant/kajang-burger-coox-bangsar-deli … 37 items
  [1738/2090] 20251111 https://food.grab.com/my/en/restaurant/kayra-delivers-bangsar-delivery … 0 items
  [1739/2090] 20251014 https://food.grab.com/my/en/restaurant/kee-nguy%E1%BB%85n-masjid-jamek … 0 items
  [1740/2090] 20251007 https://food.grab.com/my/en/restaurant/kfc-menara-uoa-bangsar-delivery … 118 items
  [1741/2090] 20251013 https://food.grab.com/my/en/restaurant/kfc-sungai-besi-toll-dt-deliver … 118 items
  [1742/2090] 20251013 https://food.grab.com/my/en/restaurant/kgb-gourmet-burgers-pavilion-de … 93 items
  [1743/2090] 20251111 https://food.grab.com/my/en/restaurant/kgb-gourmet-burgers-subang-jaya … 0 items
  [1744/2090] 20251014 https://food.grab.com/my/en/restaurant/kgb-ttdi-delivery/MYDD03218 … 84 items
  [1745/2090] 20251014 https://food.grab.com/my/en/restaurant/king-of-pizza-taman-sri-rampai- … 134 items
  [1746/2090] 20251013 https://food.grab.com/my/en/restaurant/kl-damascus-kitchen-jalan-dewan … 76 items
  [1747/2090] 20251113 https://food.grab.com/my/en/restaurant/koi-th%C3%A9-berjaya-times-squa … 0 items
  [1748/2090] 20251114 https://food.grab.com/my/en/restaurant/koi-th%C3%A9-klcc-delivery/MYDD … 0 items
  [1749/2090] 20251113 https://food.grab.com/my/en/restaurant/koi-th%C3%A9-sri-petaling-deliv … 0 items
  [1750/2090] 20251006 https://food.grab.com/my/en/restaurant/kopi-saigon-jalan-tun-perak-del … 24 items
  [1751/2090] 20251012 https://food.grab.com/my/en/restaurant/kopi-saigon-setapak-delivery/1- … 67 items
  [1752/2090] 20251014 https://food.grab.com/my/en/restaurant/kubis-kale-southlink-delivery/1 … 9 items
  [1753/2090] 20251007 https://food.grab.com/my/en/restaurant/kueh-cafe-seksyen-13-delivery/1 … 120 items
  [1754/2090] 20251007 https://food.grab.com/my/en/restaurant/kumpitto-s-jalan-bangsar-delive … 16 items
  [1755/2090] 20251013 https://food.grab.com/my/en/restaurant/kunafa-fingers-bukit-bintang-de … 53 items
  [1756/2090] 20251013 https://food.grab.com/my/en/restaurant/kunafa-fingers-jln-sultan-ismai … 108 items
  [1757/2090] 20251113 https://food.grab.com/my/en/restaurant/la-juiceria-superfoods-menjalar … 0 items
  [1758/2090] 20251106 https://food.grab.com/my/en/restaurant/la-juiceria-superfoods-signatur … 0 items
  [1759/2090] 20251015 https://food.grab.com/my/en/restaurant/lacozi-pangsapuri-kepong-megah- … 21 items
  [1760/2090] 20251016 https://food.grab.com/my/en/restaurant/lacozi-ss15-delivery/1-C6AAC7B1 … 18 items
  [1761/2090] 20251211 https://food.grab.com/my/en/restaurant/lale-cafe-restaurant-usj-height … 0 items
  [1762/2090] 20251002 https://food.grab.com/my/en/restaurant/lavender-bakery-mid-valley-deli … 132 items
  [1763/2090] 20251114 https://food.grab.com/my/en/restaurant/lela-seafood-selera-pantai-timu … 0 items
  [1764/2090] 20251013 https://food.grab.com/my/en/restaurant/liho-tea-pj-ss2-delivery/1-C2MU … 55 items
  [1765/2090] 20251012 https://food.grab.com/my/en/restaurant/liho-tea-sunway-velocity-delive … 45 items
  [1766/2090] 20251111 https://food.grab.com/my/en/restaurant/lim-chicken-wing-sunway-mentari … 0 items
  [1767/2090] 20251012 https://food.grab.com/my/en/restaurant/limone-plaza-zurich-delivery/1- … 80 items
  [1768/2090] 20251109 https://food.grab.com/my/en/restaurant/line-clear-nasi-kandar-lc-resto … 0 items
  [1769/2090] 20251114 https://food.grab.com/my/en/restaurant/lizzie-by-lisette%E2%80%99s-nu- … 0 items
  [1770/2090] 20251207 https://food.grab.com/my/en/restaurant/madam-kwan-s-pavillion-delivery … 0 items
  [1771/2090] 20251205 https://food.grab.com/my/en/restaurant/mallar-bistro-desa-sri-hartamas … 0 items
  [1772/2090] 20251012 https://food.grab.com/my/en/restaurant/marmalade-bangsar-village-ii-de … 66 items
  [1773/2090] 20251116 https://food.grab.com/my/en/restaurant/marrybrown-taman-maju-jaya-deli … 0 items
  [1774/2090] 20251013 https://food.grab.com/my/en/restaurant/master-burger-ss2-petaling-jaya … 64 items
  [1775/2090] 20251210 https://food.grab.com/my/en/restaurant/mc-pasta-house-taman-sri-rampai … 0 items
  [1776/2090] 20251014 https://food.grab.com/my/en/restaurant/mcdonald-s%C2%AE-jalan-tun-pera … 136 items
  [1777/2090] 20251114 https://food.grab.com/my/en/restaurant/mcdonald-s%C2%AE-jalan-tun-raza … 0 items
  [1778/2090] 20251213 https://food.grab.com/my/en/restaurant/mcdonald-s%C2%AE-mid-valley-iii … 0 items
  [1779/2090] 20251213 https://food.grab.com/my/en/restaurant/mcdonald-s%C2%AE-nu-sentral-331 … 0 items
  [1780/2090] 20251210 https://food.grab.com/my/en/restaurant/mee-tarik-jalan-sultan-city-cen … 0 items
  [1781/2090] 20251007 https://food.grab.com/my/en/restaurant/mee-tarik-jalan-sultan-delivery … 155 items
  [1782/2090] 20251114 https://food.grab.com/my/en/restaurant/mee-tarik-jalan-sultan-ttdi-del … 0 items
  [1783/2090] 20251210 https://food.grab.com/my/en/restaurant/mee-tarik-muslim-%E4%B8%AD%E5%9 … 0 items
  [1784/2090] 20251110 https://food.grab.com/my/en/restaurant/mell-banana-leaf-jalan-sultan-i … 0 items
  [1785/2090] 20251106 https://food.grab.com/my/en/restaurant/mell-bistro-quill-city-mall-del … 0 items
  [1786/2090] 20251013 https://food.grab.com/my/en/restaurant/metro-mart-damansara-perdana-de … 184 items
  [1787/2090] 20251109 https://food.grab.com/my/en/restaurant/miracle-love-boutique-by-mazzla … 0 items
  [1788/2090] 20251111 https://food.grab.com/my/en/restaurant/mixue-jalan-hang-kasturi-delive … 0 items
  [1789/2090] 20251116 https://food.grab.com/my/en/restaurant/mixue-sentul-boulevard-delivery … 0 items
  [1790/2090] 20251106 https://food.grab.com/my/en/restaurant/mmm-cafe-by-lesim-lot-10-delive … 0 items
  [1816/2090] 20260116 https://food.grab.com/my/en/restaurant/flip-burger-queensbay-mall-non- … 0 items
  [1817/2090] 20260123 https://food.grab.com/my/en/restaurant/food-bazaar-the-exchange-trx-de … 0 items
  [1818/2090] 20260305 https://food.grab.com/my/en/restaurant/fox-paradox-the-grange-delivery … 0 items
  [1819/2090] 20260305 https://food.grab.com/my/en/restaurant/fresh-fruitti-juice-jalan-kasip … 0 items
  [1820/2090] 20260123 https://food.grab.com/my/en/restaurant/fuel-shack-damansara-height-del … 0 items
  [1821/2090] 20260317 https://food.grab.com/my/en/restaurant/gem-restaurant-brickfields-deli … 0 items
  [1822/2090] 20260208 https://food.grab.com/my/en/restaurant/gepuk-house-jalan-panggung-waya … 0 items
  [1823/2090] 20260308 https://food.grab.com/my/en/restaurant/gerai-cikgu-halaman-pasar-deliv … 0 items
  [1824/2090] 20260116 https://food.grab.com/my/en/restaurant/gigi-coffee-pavilion-damansara- … 0 items
  [1825/2090] 20260317 https://food.grab.com/my/en/restaurant/good-taste-restaurant-jalil-lin … 0 items
  [1826/2090] 20260116 https://food.grab.com/my/en/restaurant/hachi-bakery-cafe-mont-kiara-de … 0 items
  [1827/2090] 20260211 https://food.grab.com/my/en/restaurant/hachi-bakery-cafe-sri-hartamas- … 0 items
  [1828/2090] 20260128 https://food.grab.com/my/en/restaurant/halab-kl-bukit-bintang-delivery … 0 items
  [1829/2090] 20260123 https://food.grab.com/my/en/restaurant/halab-restaurant-bukit-bintang- … 0 items
  [1830/2090] 20260211 https://food.grab.com/my/en/restaurant/hartton-kitchen-damansara-utama … 0 items
  [1831/2090] 20260317 https://food.grab.com/my/en/restaurant/hock-kee-kopitiam-toppen-shoppi … 0 items
  [1832/2090] 20260128 https://food.grab.com/my/en/restaurant/hotpot-kitchen-mid-valley-non-h … 0 items
  [1833/2090] 20260215 https://food.grab.com/my/en/restaurant/hsbc-restaurant-bangsar-park-de … 0 items
  [1834/2090] 20260123 https://food.grab.com/my/en/restaurant/illy-caffe-naza-tower-delivery/ … 0 items
  [1835/2090] 20260123 https://food.grab.com/my/en/restaurant/illy-caffe-pavilion-delivery/1- … 0 items
  [1836/2090] 20260123 https://food.grab.com/my/en/restaurant/illy-caffe-sunway-velocity-deli … 0 items
  [1837/2090] 20260123 https://food.grab.com/my/en/restaurant/inactv-coco-subway-berjaya-time … 0 items
  [1838/2090] 20260215 https://food.grab.com/my/en/restaurant/indian-spices-village-masjid-in … 0 items
  [1839/2090] 20260119 https://food.grab.com/my/en/restaurant/inside-scoop-sama-square-delive … 0 items
  [1840/2090] 20260119 https://food.grab.com/my/en/restaurant/intan-s-kitchen-jalan-pahang-de … 0 items
  [1841/2090] 20260119 https://food.grab.com/my/en/restaurant/isan-thai-restaurant-pudu-ulu-n … 0 items
  [1842/2090] 20260123 https://food.grab.com/my/en/restaurant/jaya-grocer-cheras-leisure-mall … 0 items
  [1843/2090] 20260123 https://food.grab.com/my/en/restaurant/jm-7rooftop-restobar-jalan-remb … 0 items
  [1844/2090] 20260128 https://food.grab.com/my/en/restaurant/jojo-s-by-joloko-jalan-kamuntin … 0 items
  [1845/2090] 20260213 https://food.grab.com/my/en/restaurant/juicelab-menara-hap-seng-delive … 0 items
  [1846/2090] 20260123 https://food.grab.com/my/en/restaurant/juno-coffee-kuala-lumpur-delive … 0 items
  [1847/2090] 20260119 https://food.grab.com/my/en/restaurant/kantin-gombak-delivery/1-C6WGLA … 0 items
  [1848/2090] 20260215 https://food.grab.com/my/en/restaurant/kenangan-coffee-jalan-tun-perak … 0 items
  [1849/2090] 20260116 https://food.grab.com/my/en/restaurant/kitchen-goheung-solaris-mont-ki … 0 items
  [1850/2090] 20260116 https://food.grab.com/my/en/restaurant/krua-thai-moo-ka-ta-pj-uptown-n … 0 items
  [1851/2090] 20260317 https://food.grab.com/my/en/restaurant/kuafood-fried-chuan-lot-10-buki … 0 items
  [1852/2090] 20260119 https://food.grab.com/my/en/restaurant/kubis-kale-ttdi-delivery/1-C2V1 … 0 items
  [1853/2090] 20260208 https://food.grab.com/my/en/restaurant/kumpitto-s-tasty-spuds-jalan-ba … 0 items
  [1854/2090] 20260208 https://food.grab.com/my/en/restaurant/la-juiceria-superfoods-menara-h … 0 items
  [1855/2090] 20260317 https://food.grab.com/my/en/restaurant/lale-cafe-shah-alam-delivery/1- … 0 items
  [1856/2090] 20260208 https://food.grab.com/my/en/restaurant/lam-heung-ling-elite-pavilion-d … 0 items
  [1857/2090] 20260208 https://food.grab.com/my/en/restaurant/liho-tea-pavilion-damansara-hei … 0 items
  [1858/2090] 20260208 https://food.grab.com/my/en/restaurant/machi-machi-the-gardens-deliver … 0 items
  [1859/2090] 20260119 https://food.grab.com/my/en/restaurant/madam-kwan-s-pavilion-damansara … 0 items
  [1860/2090] 20260116 https://food.grab.com/my/en/restaurant/malabar-cafe-pantai-dalam-deliv … 0 items
  [1861/2090] 20260123 https://food.grab.com/my/en/restaurant/mcdonald-s%C2%AE-bangsar-8-deli … 0 items
  [1862/2090] 20260116 https://food.grab.com/my/en/restaurant/mcdonald-s%C2%AE-jalan-p-ramlee … 0 items
  [1863/2090] 20260119 https://food.grab.com/my/en/restaurant/mcdonald-s%C2%AE-m2-mall-285-de … 0 items
  [1864/2090] 20260123 https://food.grab.com/my/en/restaurant/mcdonald-s%C2%AE-mid-valley-iii … 0 items
  [1865/2090] 20260123 https://food.grab.com/my/en/restaurant/mcdonald-s%C2%AE-nu-sentral-331 … 0 items
  [1866/2090] 20260123 https://food.grab.com/my/en/restaurant/mcdonald-s%C2%AE-oug-15-deliver … 0 items
  [1867/2090] 20260208 https://food.grab.com/my/en/restaurant/mcdonald-s%C2%AE-titiwangsa-20- … 0 items
  [1868/2090] 20260123 https://food.grab.com/my/en/restaurant/mixue-jalan-sultan-delivery/1-C … 0 items
  [1869/2090] 20260116 https://food.grab.com/my/en/restaurant/mixue-permata-sapura-klcc-lot-9 … 0 items
  [1870/2090] 20260305 https://food.grab.com/my/en/restaurant/muiz-hot-chicken-kampung-baru-d … 0 items
  [1871/2090] 20260215 https://food.grab.com/my/en/restaurant/my-naturi-jalan-sultan-delivery … 0 items
  [1872/2090] 20260211 https://food.grab.com/my/en/restaurant/myburgerlab-bangsar-delivery/MY … 0 items
  [1873/2090] 20260211 https://food.grab.com/my/en/restaurant/myeongdong-topokki-1utama-deliv … 0 items
  [1874/2090] 20260211 https://food.grab.com/my/en/restaurant/myeongdong-topokki-midvalley-de … 0 items
  [1875/2090] 20260211 https://food.grab.com/my/en/restaurant/myeongdong-topokki-pantai-hospi … 0 items
  [1876/2090] 20260211 https://food.grab.com/my/en/restaurant/myeongdong-topokki-sunway-putra … 0 items
  [1877/2090] 20260215 https://food.grab.com/my/en/restaurant/myeongdong-topokki-the-mines-de … 0 items
  [1878/2090] 20260305 https://food.grab.com/my/en/restaurant/mynews-sentul-perdana-delivery/ … 0 items
  [1879/2090] 20260123 https://food.grab.com/my/en/restaurant/mz-warrior-burger-flora-damansa … 0 items
  [1880/2090] 20260123 https://food.grab.com/my/en/restaurant/naknak-the-exchange-trx-deliver … 0 items
  [1881/2090] 20260208 https://food.grab.com/my/en/restaurant/nando-s-bangsar-village-deliver … 0 items
  [1882/2090] 20260317 https://food.grab.com/my/en/restaurant/nasi-arab-mont-kiara-jalan-kiar … 0 items
  [1883/2090] 20260116 https://food.grab.com/my/en/restaurant/nasi-ayam-pedas-meletup-foodle- … 0 items
  [1884/2090] 20260206 https://food.grab.com/my/en/restaurant/nasi-kandar-kubah-bangsar-deliv … 0 items
  [1885/2090] 20260119 https://food.grab.com/my/en/restaurant/nasi-kandar-pelita-bangsar-deli … 0 items
  [1886/2090] 20260119 https://food.grab.com/my/en/restaurant/nasi-kukus-ayam-melompat-foodle … 0 items
  [1887/2090] 20260215 https://food.grab.com/my/en/restaurant/nasi-lemak-tebing-brickfields-d … 0 items
  [1888/2090] 20260208 https://food.grab.com/my/en/restaurant/noodleface-a-meatless-cuisine-t … 0 items
  [1889/2090] 20260119 https://food.grab.com/my/en/restaurant/noryangjin-korean-food-kuala-lu … 0 items
  [1890/2090] 20260317 https://food.grab.com/my/en/restaurant/ns-burgers-taman-kencana-delive … 0 items
  [1891/2090] 20260208 https://food.grab.com/my/en/restaurant/o-cha-kepong-rimbunan-delivery/ … 0 items
  [1892/2090] 20260128 https://food.grab.com/my/en/restaurant/old-klang-road-hokkien-mee-non- … 0 items
  [1893/2090] 20260213 https://food.grab.com/my/en/restaurant/online-delivery/1-C2BTTACGHA4UG … 0 items
  [1894/2090] 20260213 https://food.grab.com/my/en/restaurant/online-delivery/1-C2VULYKKEBTGW … 0 items
  [1895/2090] 20260213 https://food.grab.com/my/en/restaurant/online-delivery/1-C3CJEJLATLEDE … 0 items
  [1896/2090] 20260128 https://food.grab.com/my/en/restaurant/online-delivery/1-C3NJFF2VDE6WJ … 0 items
  [1897/2090] 20260128 https://food.grab.com/my/en/restaurant/online-delivery/1-C3NJFF2VDE6WJ … 